ImageId,Label
1,2
2,2
3,6
4,1
5,3
6,9
7,6
8,1
9,0
10,1
11,9
12,0
13,0
14,9
15,3
16,4
17,0
18,0
19,4
20,1
21,7
22,3
23,2
24,4
25,7
26,2
27,4
28,8
29,0
30,7
31,9
32,3
33,4
34,6
35,1
36,5
37,6
38,2
39,1
40,8
41,3
42,5
43,0
44,2
45,6
46,2
47,4
48,4
49,6
50,3
51,0
52,6
53,4
54,7
55,6
56,7
57,1
58,5
59,7
60,9
61,2
62,4
63,8
64,1
65,2
66,1
67,1
68,3
69,5
70,9
71,0
72,8
73,1
74,6
75,3
76,3
77,5
78,9
79,7
80,9
81,2
82,3
83,3
84,3
85,8
86,6
87,9
88,7
89,6
90,3
91,9
92,6
93,6
94,6
95,1
96,3
97,4
98,3
99,1
100,0
101,5
102,8
103,6
104,8
105,9
106,1
107,0
108,3
109,1
110,3
111,4
112,7
113,6
114,1
115,4
116,3
117,3
118,7
119,6
120,8
121,6
122,4
123,4
124,7
125,0
126,0
127,9
128,8
129,8
130,4
131,8
132,6
133,1
134,6
135,8
136,7
137,9
138,1
139,7
140,1
141,7
142,9
143,8
144,7
145,1
146,3
147,1
148,8
149,7
150,5
151,1
152,2
153,5
154,2
155,2
156,9
157,3
158,2
159,6
160,7
161,9
162,1
163,3
164,8
165,3
166,7
167,9
168,9
169,3
170,3
171,5
172,6
173,0
174,8
175,7
176,7
177,4
178,4
179,5
180,0
181,8
182,9
183,2
184,5
185,1
186,5
187,9
188,2
189,4
190,3
191,0
192,3
193,7
194,7
195,2
196,5
197,1
198,7
199,5
200,9
201,1
202,2
203,8
204,5
205,0
206,9
207,3
208,3
209,3
210,1
211,7
212,6
213,3
214,1
215,7
216,2
217,6
218,5
219,9
220,8
221,9
222,4
223,7
224,8
225,5
226,9
227,2
228,4
229,3
230,3
231,1
232,7
233,8
234,5
235,7
236,7
237,7
238,5
239,0
240,0
241,8
242,1
243,0
244,4
245,5
246,4
247,5
248,0
249,7
250,1
251,2
252,2
253,7
254,7
255,3
256,6
257,1
258,8
259,4
260,1
261,6
262,5
263,9
264,0
265,3
266,1
267,3
268,7
269,7
270,7
271,5
272,3
273,6
274,3
275,5
276,1
277,5
278,9
279,1
280,3
281,9
282,1
283,5
284,6
285,1
286,5
287,0
288,7
289,0
290,3
291,0
292,6
293,2
294,7
295,5
296,1
297,0
298,0
299,2
300,6
301,5
302,9
303,1
304,5
305,3
306,6
307,4
308,7
309,1
310,6
311,0
312,3
313,1
314,3
315,0
316,8
317,5
318,1
319,4
320,3
321,2
322,2
323,0
324,2
325,0
326,2
327,7
328,9
329,0
330,3
331,9
332,7
333,0
334,5
335,4
336,6
337,0
338,7
339,8
340,8
341,1
342,0
343,1
344,7
345,5
346,3
347,0
348,4
349,8
350,4
351,9
352,3
353,5
354,1
355,8
356,0
357,9
358,1
359,5
360,8
361,8
362,4
363,6
364,8
365,7
366,9
367,2
368,0
369,0
370,9
371,9
372,5
373,3
374,5
375,5
376,2
377,2
378,7
379,3
380,1
381,3
382,9
383,3
384,6
385,2
386,3
387,1
388,9
389,8
390,0
391,2
392,3
393,7
394,9
395,2
396,7
397,9
398,7
399,1
400,4
401,7
402,4
403,7
404,8
405,0
406,2
407,7
408,4
409,3
410,7
411,3
412,7
413,0
414,7
415,6
416,8
417,6
418,8
419,0
420,5
421,3
422,2
423,4
424,3
425,3
426,9
427,7
428,1
429,8
430,0
431,1
432,4
433,7
434,2
435,4
436,8
437,3
438,4
439,9
440,6
441,2
442,7
443,7
444,7
445,4
446,7
447,8
448,4
449,0
450,7
451,6
452,3
453,4
454,1
455,1
456,7
457,2
458,7
459,8
460,9
461,4
462,4
463,4
464,7
465,7
466,9
467,9
468,4
469,1
470,5
471,5
472,8
473,9
474,5
475,1
476,0
477,6
478,0
479,9
480,4
481,6
482,4
483,5
484,3
485,4
486,6
487,2
488,5
489,2
490,4
491,3
492,2
493,4
494,8
495,0
496,6
497,8
498,8
499,5
500,6
501,5
502,6
503,0
504,4
505,9
506,0
507,8
508,0
509,5
510,6
511,6
512,8
513,8
514,4
515,4
516,0
517,1
518,9
519,0
520,7
521,5
522,4
523,7
524,2
525,3
526,5
527,5
528,4
529,2
530,6
531,9
532,7
533,9
534,4
535,9
536,6
537,5
538,7
539,3
540,9
541,1
542,3
543,9
544,3
545,8
546,3
547,5
548,6
549,7
550,6
551,5
552,7
553,1
554,1
555,6
556,6
557,4
558,9
559,0
560,9
561,3
562,8
563,5
564,3
565,3
566,8
567,7
568,0
569,1
570,7
571,2
572,3
573,5
574,5
575,0
576,2
577,5
578,8
579,9
580,7
581,9
582,7
583,4
584,5
585,1
586,8
587,6
588,8
589,4
590,2
591,7
592,1
593,6
594,2
595,6
596,5
597,6
598,0
599,3
600,2
601,2
602,9
603,7
604,5
605,5
606,0
607,0
608,9
609,3
610,7
611,1
612,8
613,2
614,5
615,0
616,1
617,0
618,7
619,7
620,5
621,8
622,1
623,5
624,6
625,7
626,0
627,6
628,4
629,1
630,4
631,2
632,2
633,1
634,0
635,9
636,1
637,1
638,6
639,6
640,3
641,9
642,6
643,7
644,7
645,6
646,1
647,9
648,3
649,7
650,2
651,3
652,8
653,0
654,3
655,3
656,9
657,8
658,6
659,3
660,7
661,5
662,8
663,4
664,8
665,5
666,1
667,7
668,2
669,7
670,8
671,1
672,7
673,1
674,8
675,1
676,9
677,2
678,3
679,4
680,2
681,0
682,7
683,5
684,9
685,8
686,5
687,0
688,5
689,5
690,1
691,3
692,8
693,0
694,8
695,0
696,0
697,9
698,2
699,5
700,1
701,2
702,3
703,0
704,6
705,7
706,3
707,9
708,7
709,9
710,4
711,8
712,0
713,9
714,7
715,0
716,0
717,2
718,4
719,9
720,1
721,9
722,5
723,8
724,5
725,6
726,8
727,4
728,8
729,4
730,1
731,3
732,2
733,7
734,0
735,6
736,2
737,7
738,3
739,6
740,4
741,2
742,6
743,9
744,9
745,4
746,7
747,0
748,3
749,3
750,1
751,2
752,1
753,3
754,0
755,4
756,7
757,4
758,4
759,7
760,6
761,3
762,3
763,9
764,6
765,7
766,4
767,9
768,1
769,7
770,4
771,0
772,1
773,2
774,3
775,9
776,0
777,6
778,8
779,2
780,4
781,1
782,9
783,6
784,0
785,3
786,5
787,2
788,9
789,6
790,7
791,9
792,5
793,7
794,5
795,4
796,4
797,7
798,8
799,0
800,2
801,2
802,0
803,7
804,1
805,1
806,0
807,2
808,7
809,5
810,9
811,3
812,3
813,6
814,5
815,4
816,8
817,9
818,6
819,4
820,8
821,0
822,6
823,4
824,9
825,0
826,0
827,5
828,8
829,0
830,8
831,1
832,6
833,4
834,7
835,2
836,5
837,4
838,6
839,3
840,0
841,4
842,9
843,9
844,0
845,2
846,7
847,6
848,0
849,3
850,6
851,4
852,1
853,5
854,3
855,8
856,9
857,0
858,8
859,9
860,7
861,2
862,4
863,0
864,8
865,3
866,2
867,3
868,6
869,2
870,8
871,5
872,4
873,4
874,0
875,0
876,3
877,8
878,5
879,4
880,1
881,4
882,2
883,1
884,4
885,1
886,8
887,1
888,1
889,7
890,2
891,8
892,9
893,8
894,3
895,3
896,4
897,3
898,3
899,6
900,1
901,6
902,2
903,7
904,7
905,0
906,5
907,4
908,6
909,1
910,1
911,4
912,0
913,7
914,6
915,8
916,7
917,6
918,8
919,2
920,6
921,4
922,0
923,5
924,8
925,6
926,4
927,2
928,4
929,0
930,0
931,5
932,9
933,0
934,9
935,8
936,6
937,5
938,5
939,3
940,8
941,1
942,8
943,3
944,7
945,8
946,5
947,9
948,1
949,4
950,9
951,3
952,4
953,4
954,4
955,0
956,0
957,6
958,8
959,4
960,8
961,0
962,1
963,7
964,6
965,2
966,6
967,4
968,2
969,4
970,7
971,5
972,8
973,1
974,3
975,3
976,9
977,1
978,5
979,5
980,2
981,4
982,6
983,9
984,0
985,9
986,5
987,3
988,1
989,7
990,6
991,5
992,6
993,2
994,8
995,1
996,2
997,4
998,7
999,9
1000,5
1001,2
1002,1
1003,6
1004,5
1005,3
1006,1
1007,5
1008,8
1009,8
1010,5
1011,5
1012,4
1013,9
1014,3
1015,3
1016,4
1017,1
1018,9
1019,5
1020,9
1021,7
1022,8
1023,2
1024,8
1025,1
1026,6
1027,0
1028,2
1029,4
1030,5
1031,8
1032,4
1033,5
1034,0
1035,3
1036,7
1037,2
1038,5
1039,0
1040,0
1041,2
1042,2
1043,2
1044,7
1045,8
1046,1
1047,0
1048,9
1049,7
1050,5
1051,8
1052,0
1053,2
1054,5
1055,9
1056,4
1057,4
1058,1
1059,3
1060,5
1061,8
1062,4
1063,2
1064,8
1065,9
1066,3
1067,6
1068,2
1069,9
1070,8
1071,0
1072,5
1073,0
1074,7
1075,1
1076,6
1077,1
1078,6
1079,8
1080,0
1081,8
1082,7
1083,0
1084,0
1085,8
1086,2
1087,5
1088,8
1089,9
1090,8
1091,4
1092,3
1093,6
1094,1
1095,5
1096,0
1097,8
1098,4
1099,2
1100,2
1101,2
1102,7
1103,5
1104,4
1105,4
1106,0
1107,6
1108,4
1109,7
1110,8
1111,4
1112,7
1113,1
1114,2
1115,9
1116,3
1117,1
1118,2
1119,6
1120,4
1121,2
1122,8
1123,8
1124,3
1125,3
1126,7
1127,9
1128,9
1129,9
1130,9
1131,3
1132,9
1133,0
1134,8
1135,7
1136,8
1137,9
1138,6
1139,7
1140,2
1141,5
1142,4
1143,2
1144,7
1145,5
1146,3
1147,1
1148,5
1149,1
1150,4
1151,6
1152,2
1153,2
1154,4
1155,4
1156,9
1157,4
1158,6
1159,5
1160,6
1161,6
1162,9
1163,5
1164,2
1165,4
1166,5
1167,3
1168,4
1169,7
1170,1
1171,1
1172,7
1173,8
1174,8
1175,0
1176,9
1177,2
1178,5
1179,8
1180,7
1181,7
1182,9
1183,1
1184,9
1185,6
1186,5
1187,8
1188,8
1189,4
1190,0
1191,1
1192,4
1193,1
1194,3
1195,7
1196,3
1197,4
1198,8
1199,9
1200,6
1201,5
1202,7
1203,4
1204,8
1205,8
1206,3
1207,4
1208,5
1209,6
1210,4
1211,0
1212,0
1213,9
1214,0
1215,0
1216,1
1217,4
1218,7
1219,0
1220,1
1221,2
1222,9
1223,9
1224,7
1225,2
1226,8
1227,3
1228,4
1229,4
1230,4
1231,5
1232,5
1233,2
1234,4
1235,0
1236,9
1237,0
1238,3
1239,6
1240,7
1241,7
1242,7
1243,9
1244,2
1245,1
1246,5
1247,3
1248,0
1249,0
1250,0
1251,7
1252,1
1253,3
1254,3
1255,6
1256,0
1257,8
1258,0
1259,8
1260,9
1261,0
1262,3
1263,7
1264,1
1265,9
1266,5
1267,6
1268,0
1269,3
1270,6
1271,9
1272,9
1273,0
1274,5
1275,6
1276,8
1277,7
1278,1
1279,3
1280,1
1281,9
1282,1
1283,6
1284,9
1285,1
1286,2
1287,6
1288,3
1289,6
1290,2
1291,1
1292,4
1293,6
1294,1
1295,3
1296,7
1297,3
1298,5
1299,7
1300,1
1301,7
1302,0
1303,3
1304,5
1305,1
1306,7
1307,9
1308,1
1309,4
1310,9
1311,9
1312,6
1313,7
1314,2
1315,3
1316,3
1317,1
1318,9
1319,5
1320,0
1321,6
1322,3
1323,7
1324,3
1325,6
1326,0
1327,2
1328,1
1329,4
1330,4
1331,2
1332,8
1333,4
1334,9
1335,5
1336,2
1337,1
1338,6
1339,9
1340,2
1341,8
1342,4
1343,0
1344,1
1345,4
1346,4
1347,4
1348,1
1349,1
1350,9
1351,4
1352,9
1353,6
1354,1
1355,6
1356,7
1357,2
1358,4
1359,9
1360,2
1361,9
1362,8
1363,4
1364,7
1365,3
1366,0
1367,3
1368,6
1369,7
1370,1
1371,3
1372,4
1373,6
1374,0
1375,9
1376,2
1377,6
1378,3
1379,7
1380,9
1381,9
1382,6
1383,0
1384,8
1385,1
1386,9
1387,3
1388,6
1389,4
1390,5
1391,1
1392,8
1393,5
1394,6
1395,2
1396,4
1397,6
1398,8
1399,1
1400,7
1401,4
1402,9
1403,9
1404,2
1405,0
1406,0
1407,3
1408,4
1409,9
1410,4
1411,2
1412,1
1413,8
1414,2
1415,6
1416,4
1417,9
1418,4
1419,6
1420,9
1421,7
1422,0
1423,7
1424,2
1425,6
1426,2
1427,1
1428,2
1429,6
1430,1
1431,9
1432,8
1433,9
1434,0
1435,1
1436,5
1437,4
1438,6
1439,3
1440,8
1441,7
1442,2
1443,0
1444,1
1445,4
1446,0
1447,6
1448,8
1449,8
1450,7
1451,0
1452,1
1453,5
1454,5
1455,2
1456,1
1457,4
1458,6
1459,9
1460,7
1461,1
1462,6
1463,3
1464,6
1465,0
1466,7
1467,6
1468,6
1469,0
1470,3
1471,5
1472,2
1473,8
1474,0
1475,3
1476,8
1477,6
1478,7
1479,8
1480,4
1481,3
1482,6
1483,5
1484,3
1485,1
1486,8
1487,3
1488,6
1489,2
1490,4
1491,7
1492,3
1493,5
1494,4
1495,0
1496,8
1497,0
1498,2
1499,1
1500,5
1501,5
1502,5
1503,3
1504,5
1505,4
1506,2
1507,9
1508,2
1509,5
1510,1
1511,8
1512,5
1513,8
1514,1
1515,3
1516,0
1517,4
1518,4
1519,8
1520,2
1521,4
1522,2
1523,1
1524,7
1525,2
1526,3
1527,0
1528,4
1529,5
1530,7
1531,0
1532,2
1533,6
1534,8
1535,7
1536,5
1537,6
1538,7
1539,7
1540,2
1541,1
1542,6
1543,0
1544,5
1545,2
1546,6
1547,1
1548,5
1549,2
1550,5
1551,6
1552,4
1553,1
1554,8
1555,7
1556,7
1557,0
1558,1
1559,7
1560,4
1561,5
1562,2
1563,1
1564,0
1565,7
1566,2
1567,6
1568,3
1569,9
1570,9
1571,8
1572,3
1573,9
1574,8
1575,6
1576,9
1577,1
1578,0
1579,5
1580,4
1581,2
1582,5
1583,2
1584,7
1585,3
1586,5
1587,5
1588,6
1589,2
1590,8
1591,6
1592,3
1593,8
1594,1
1595,7
1596,5
1597,0
1598,2
1599,0
1600,4
1601,4
1602,7
1603,6
1604,7
1605,6
1606,7
1607,8
1608,2
1609,4
1610,3
1611,4
1612,4
1613,6
1614,5
1615,6
1616,5
1617,1
1618,8
1619,2
1620,5
1621,2
1622,6
1623,1
1624,0
1625,5
1626,2
1627,2
1628,4
1629,4
1630,7
1631,6
1632,7
1633,3
1634,4
1635,0
1636,9
1637,6
1638,7
1639,3
1640,8
1641,8
1642,3
1643,9
1644,0
1645,3
1646,2
1647,8
1648,0
1649,5
1650,6
1651,1
1652,7
1653,1
1654,3
1655,2
1656,8
1657,8
1658,1
1659,7
1660,7
1661,8
1662,6
1663,8
1664,3
1665,4
1666,6
1667,3
1668,8
1669,3
1670,8
1671,2
1672,6
1673,9
1674,3
1675,8
1676,0
1677,0
1678,8
1679,2
1680,2
1681,0
1682,5
1683,9
1684,1
1685,3
1686,1
1687,7
1688,3
1689,3
1690,3
1691,9
1692,5
1693,1
1694,8
1695,5
1696,3
1697,5
1698,5
1699,0
1700,4
1701,7
1702,9
1703,5
1704,6
1705,4
1706,5
1707,9
1708,6
1709,3
1710,4
1711,2
1712,7
1713,1
1714,1
1715,7
1716,1
1717,2
1718,0
1719,7
1720,4
1721,3
1722,5
1723,5
1724,4
1725,9
1726,9
1727,7
1728,4
1729,9
1730,8
1731,9
1732,1
1733,2
1734,1
1735,2
1736,2
1737,1
1738,5
1739,5
1740,6
1741,5
1742,0
1743,3
1744,1
1745,6
1746,0
1747,8
1748,6
1749,5
1750,6
1751,7
1752,7
1753,3
1754,3
1755,7
1756,3
1757,0
1758,5
1759,8
1760,8
1761,3
1762,9
1763,5
1764,5
1765,9
1766,3
1767,1
1768,2
1769,3
1770,3
1771,7
1772,8
1773,5
1774,1
1775,0
1776,4
1777,4
1778,1
1779,0
1780,1
1781,6
1782,2
1783,0
1784,8
1785,9
1786,8
1787,3
1788,5
1789,1
1790,4
1791,1
1792,5
1793,5
1794,4
1795,9
1796,3
1797,2
1798,3
1799,2
1800,7
1801,3
1802,2
1803,5
1804,2
1805,1
1806,8
1807,1
1808,7
1809,8
1810,3
1811,1
1812,2
1813,5
1814,1
1815,4
1816,0
1817,9
1818,4
1819,8
1820,3
1821,6
1822,1
1823,6
1824,7
1825,2
1826,4
1827,6
1828,6
1829,7
1830,5
1831,6
1832,3
1833,3
1834,3
1835,5
1836,0
1837,8
1838,0
1839,3
1840,6
1841,1
1842,2
1843,0
1844,6
1845,8
1846,8
1847,6
1848,0
1849,9
1850,1
1851,4
1852,2
1853,8
1854,8
1855,3
1856,9
1857,9
1858,7
1859,6
1860,1
1861,8
1862,2
1863,9
1864,0
1865,4
1866,8
1867,4
1868,5
1869,3
1870,8
1871,6
1872,7
1873,3
1874,4
1875,0
1876,7
1877,0
1878,5
1879,4
1880,1
1881,7
1882,4
1883,2
1884,2
1885,5
1886,6
1887,1
1888,6
1889,1
1890,8
1891,5
1892,3
1893,4
1894,9
1895,9
1896,1
1897,6
1898,9
1899,0
1900,0
1901,5
1902,3
1903,6
1904,0
1905,3
1906,3
1907,4
1908,0
1909,4
1910,8
1911,9
1912,9
1913,7
1914,8
1915,4
1916,4
1917,5
1918,9
1919,6
1920,4
1921,0
1922,4
1923,9
1924,8
1925,5
1926,0
1927,4
1928,5
1929,2
1930,8
1931,0
1932,1
1933,3
1934,1
1935,7
1936,1
1937,9
1938,1
1939,4
1940,8
1941,2
1942,0
1943,2
1944,8
1945,7
1946,0
1947,3
1948,3
1949,4
1950,5
1951,9
1952,8
1953,9
1954,6
1955,5
1956,7
1957,6
1958,2
1959,1
1960,0
1961,3
1962,1
1963,4
1964,6
1965,6
1966,8
1967,4
1968,2
1969,6
1970,8
1971,4
1972,5
1973,6
1974,4
1975,7
1976,6
1977,0
1978,6
1979,0
1980,4
1981,9
1982,1
1983,3
1984,6
1985,0
1986,9
1987,4
1988,1
1989,4
1990,6
1991,8
1992,7
1993,8
1994,5
1995,8
1996,8
1997,7
1998,6
1999,1
2000,8
2001,6
2002,9
2003,9
2004,5
2005,6
2006,9
2007,5
2008,3
2009,4
2010,5
2011,4
2012,0
2013,8
2014,0
2015,4
2016,6
2017,2
2018,4
2019,1
2020,9
2021,2
2022,9
2023,7
2024,1
2025,4
2026,5
2027,2
2028,5
2029,1
2030,8
2031,0
2032,7
2033,9
2034,6
2035,7
2036,0
2037,2
2038,3
2039,3
2040,1
2041,4
2042,1
2043,4
2044,0
2045,4
2046,8
2047,6
2048,8
2049,3
2050,9
2051,0
2052,3
2053,3
2054,1
2055,6
2056,1
2057,0
2058,7
2059,3
2060,1
2061,6
2062,1
2063,4
2064,5
2065,5
2066,1
2067,0
2068,1
2069,8
2070,9
2071,5
2072,3
2073,4
2074,1
2075,6
2076,2
2077,1
2078,0
2079,6
2080,9
2081,5
2082,2
2083,7
2084,6
2085,3
2086,6
2087,7
2088,6
2089,1
2090,2
2091,5
2092,1
2093,0
2094,2
2095,2
2096,4
2097,1
2098,6
2099,8
2100,7
2101,9
2102,0
2103,8
2104,4
2105,1
2106,2
2107,7
2108,9
2109,7
2110,4
2111,8
2112,2
2113,0
2114,0
2115,2
2116,0
2117,9
2118,7
2119,4
2120,9
2121,0
2122,1
2123,0
2124,8
2125,2
2126,2
2127,4
2128,9
2129,7
2130,3
2131,8
2132,0
2133,8
2134,0
2135,5
2136,3
2137,3
2138,2
2139,0
2140,3
2141,0
2142,1
2143,6
2144,9
2145,2
2146,1
2147,8
2148,4
2149,4
2150,3
2151,3
2152,8
2153,2
2154,9
2155,2
2156,4
2157,8
2158,5
2159,9
2160,2
2161,6
2162,2
2163,3
2164,7
2165,6
2166,6
2167,2
2168,7
2169,5
2170,7
2171,3
2172,6
2173,2
2174,4
2175,3
2176,2
2177,6
2178,9
2179,1
2180,7
2181,9
2182,9
2183,6
2184,6
2185,4
2186,8
2187,0
2188,7
2189,9
2190,6
2191,1
2192,5
2193,1
2194,8
2195,8
2196,3
2197,8
2198,2
2199,1
2200,2
2201,2
2202,0
2203,5
2204,8
2205,6
2206,7
2207,5
2208,5
2209,4
2210,8
2211,2
2212,8
2213,4
2214,2
2215,7
2216,8
2217,8
2218,6
2219,6
2220,5
2221,1
2222,8
2223,3
2224,2
2225,3
2226,8
2227,8
2228,0
2229,9
2230,4
2231,3
2232,7
2233,3
2234,2
2235,5
2236,2
2237,4
2238,8
2239,6
2240,8
2241,3
2242,8
2243,2
2244,0
2245,9
2246,8
2247,2
2248,2
2249,2
2250,5
2251,1
2252,1
2253,5
2254,8
2255,3
2256,1
2257,6
2258,6
2259,1
2260,1
2261,4
2262,3
2263,5
2264,5
2265,8
2266,8
2267,4
2268,0
2269,7
2270,1
2271,6
2272,2
2273,4
2274,2
2275,6
2276,4
2277,5
2278,6
2279,5
2280,7
2281,0
2282,3
2283,6
2284,4
2285,8
2286,8
2287,7
2288,6
2289,1
2290,6
2291,9
2292,3
2293,8
2294,2
2295,9
2296,2
2297,6
2298,4
2299,0
2300,9
2301,9
2302,1
2303,5
2304,8
2305,3
2306,7
2307,6
2308,6
2309,1
2310,8
2311,8
2312,6
2313,5
2314,8
2315,5
2316,0
2317,2
2318,1
2319,2
2320,8
2321,9
2322,4
2323,7
2324,0
2325,8
2326,8
2327,9
2328,3
2329,7
2330,8
2331,9
2332,6
2333,3
2334,8
2335,7
2336,0
2337,5
2338,8
2339,9
2340,4
2341,1
2342,4
2343,5
2344,4
2345,0
2346,6
2347,4
2348,2
2349,8
2350,3
2351,7
2352,2
2353,4
2354,5
2355,1
2356,3
2357,5
2358,5
2359,1
2360,7
2361,4
2362,3
2363,3
2364,4
2365,5
2366,8
2367,2
2368,3
2369,0
2370,4
2371,9
2372,8
2373,0
2374,9
2375,8
2376,0
2377,2
2378,1
2379,6
2380,7
2381,7
2382,6
2383,7
2384,7
2385,8
2386,9
2387,7
2388,0
2389,1
2390,4
2391,0
2392,3
2393,3
2394,3
2395,9
2396,5
2397,5
2398,4
2399,6
2400,3
2401,9
2402,2
2403,1
2404,9
2405,4
2406,0
2407,6
2408,8
2409,1
2410,2
2411,1
2412,4
2413,9
2414,1
2415,4
2416,6
2417,6
2418,0
2419,9
2420,1
2421,2
2422,8
2423,7
2424,0
2425,4
2426,3
2427,5
2428,4
2429,7
2430,4
2431,0
2432,7
2433,3
2434,8
2435,9
2436,5
2437,9
2438,2
2439,3
2440,3
2441,4
2442,9
2443,7
2444,1
2445,8
2446,1
2447,6
2448,0
2449,0
2450,0
2451,9
2452,7
2453,3
2454,4
2455,4
2456,8
2457,3
2458,6
2459,1
2460,1
2461,6
2462,4
2463,8
2464,9
2465,3
2466,3
2467,9
2468,3
2469,6
2470,6
2471,4
2472,6
2473,9
2474,7
2475,8
2476,0
2477,7
2478,1
2479,5
2480,7
2481,7
2482,7
2483,0
2484,1
2485,9
2486,4
2487,1
2488,1
2489,8
2490,6
2491,6
2492,7
2493,6
2494,9
2495,1
2496,2
2497,6
2498,5
2499,1
2500,0
2501,1
2502,2
2503,0
2504,2
2505,0
2506,0
2507,4
2508,0
2509,6
2510,6
2511,0
2512,9
2513,8
2514,8
2515,1
2516,0
2517,1
2518,9
2519,4
2520,0
2521,7
2522,0
2523,4
2524,9
2525,6
2526,0
2527,2
2528,3
2529,4
2530,0
2531,8
2532,8
2533,8
2534,1
2535,0
2536,5
2537,1
2538,4
2539,8
2540,1
2541,1
2542,7
2543,9
2544,4
2545,0
2546,0
2547,1
2548,8
2549,5
2550,3
2551,2
2552,6
2553,2
2554,7
2555,8
2556,5
2557,2
2558,3
2559,9
2560,6
2561,3
2562,5
2563,8
2564,6
2565,9
2566,9
2567,7
2568,9
2569,4
2570,0
2571,1
2572,0
2573,7
2574,1
2575,8
2576,3
2577,3
2578,3
2579,2
2580,4
2581,3
2582,4
2583,3
2584,7
2585,2
2586,1
2587,6
2588,2
2589,1
2590,7
2591,2
2592,7
2593,4
2594,0
2595,0
2596,3
2597,7
2598,9
2599,3
2600,4
2601,2
2602,9
2603,8
2604,7
2605,2
2606,2
2607,5
2608,6
2609,4
2610,0
2611,5
2612,8
2613,0
2614,5
2615,3
2616,9
2617,9
2618,3
2619,8
2620,9
2621,2
2622,6
2623,6
2624,8
2625,8
2626,7
2627,8
2628,0
2629,7
2630,2
2631,3
2632,6
2633,9
2634,9
2635,2
2636,4
2637,1
2638,3
2639,1
2640,3
2641,2
2642,8
2643,7
2644,9
2645,8
2646,1
2647,8
2648,0
2649,8
2650,4
2651,8
2652,8
2653,3
2654,7
2655,5
2656,5
2657,8
2658,1
2659,2
2660,2
2661,6
2662,4
2663,0
2664,7
2665,4
2666,3
2667,3
2668,1
2669,0
2670,5
2671,2
2672,8
2673,3
2674,1
2675,3
2676,3
2677,0
2678,7
2679,3
2680,3
2681,6
2682,1
2683,5
2684,5
2685,6
2686,1
2687,6
2688,1
2689,1
2690,0
2691,8
2692,8
2693,4
2694,6
2695,9
2696,6
2697,2
2698,1
2699,3
2700,7
2701,0
2702,7
2703,1
2704,9
2705,7
2706,1
2707,6
2708,2
2709,5
2710,6
2711,5
2712,4
2713,8
2714,8
2715,2
2716,6
2717,1
2718,0
2719,9
2720,3
2721,2
2722,3
2723,2
2724,9
2725,8
2726,3
2727,3
2728,6
2729,3
2730,8
2731,8
2732,8
2733,5
2734,9
2735,8
2736,2
2737,1
2738,9
2739,1
2740,6
2741,9
2742,4
2743,3
2744,1
2745,3
2746,9
2747,5
2748,5
2749,7
2750,5
2751,4
2752,6
2753,2
2754,3
2755,5
2756,8
2757,5
2758,3
2759,7
2760,4
2761,4
2762,7
2763,8
2764,3
2765,7
2766,7
2767,2
2768,3
2769,1
2770,4
2771,5
2772,5
2773,1
2774,3
2775,1
2776,9
2777,4
2778,9
2779,1
2780,8
2781,9
2782,0
2783,5
2784,8
2785,2
2786,9
2787,8
2788,1
2789,1
2790,9
2791,1
2792,2
2793,3
2794,2
2795,5
2796,5
2797,4
2798,1
2799,9
2800,3
2801,6
2802,7
2803,8
2804,1
2805,8
2806,6
2807,6
2808,0
2809,9
2810,9
2811,7
2812,2
2813,3
2814,9
2815,3
2816,1
2817,2
2818,4
2819,2
2820,4
2821,7
2822,7
2823,9
2824,2
2825,4
2826,0
2827,6
2828,2
2829,6
2830,7
2831,9
2832,6
2833,4
2834,8
2835,0
2836,5
2837,5
2838,6
2839,6
2840,1
2841,9
2842,4
2843,5
2844,1
2845,8
2846,5
2847,4
2848,7
2849,7
2850,0
2851,6
2852,5
2853,2
2854,0
2855,1
2856,0
2857,2
2858,5
2859,1
2860,5
2861,9
2862,7
2863,2
2864,2
2865,0
2866,2
2867,6
2868,8
2869,7
2870,2
2871,4
2872,0
2873,0
2874,8
2875,9
2876,6
2877,3
2878,3
2879,2
2880,4
2881,7
2882,2
2883,5
2884,3
2885,2
2886,0
2887,7
2888,6
2889,6
2890,7
2891,9
2892,8
2893,9
2894,2
2895,1
2896,3
2897,3
2898,7
2899,7
2900,6
2901,4
2902,0
2903,5
2904,0
2905,1
2906,5
2907,0
2908,5
2909,8
2910,5
2911,0
2912,8
2913,6
2914,4
2915,6
2916,5
2917,7
2918,7
2919,7
2920,5
2921,1
2922,0
2923,5
2924,1
2925,6
2926,9
2927,1
2928,6
2929,0
2930,5
2931,7
2932,3
2933,1
2934,8
2935,5
2936,1
2937,4
2938,6
2939,2
2940,0
2941,9
2942,4
2943,4
2944,6
2945,5
2946,0
2947,0
2948,6
2949,1
2950,8
2951,8
2952,3
2953,2
2954,7
2955,3
2956,2
2957,2
2958,2
2959,0
2960,4
2961,1
2962,6
2963,3
2964,1
2965,7
2966,7
2967,0
2968,4
2969,9
2970,1
2971,8
2972,1
2973,6
2974,1
2975,1
2976,0
2977,0
2978,8
2979,1
2980,2
2981,8
2982,5
2983,5
2984,8
2985,6
2986,2
2987,8
2988,3
2989,9
2990,2
2991,8
2992,2
2993,0
2994,9
2995,2
2996,2
2997,4
2998,8
2999,6
3000,2
3001,2
3002,3
3003,6
3004,3
3005,8
3006,2
3007,6
3008,9
3009,8
3010,4
3011,3
3012,1
3013,4
3014,2
3015,2
3016,9
3017,6
3018,5
3019,2
3020,8
3021,6
3022,7
3023,3
3024,6
3025,8
3026,7
3027,6
3028,4
3029,7
3030,7
3031,3
3032,8
3033,0
3034,8
3035,0
3036,4
3037,5
3038,9
3039,4
3040,3
3041,4
3042,6
3043,1
3044,6
3045,8
3046,6
3047,3
3048,7
3049,9
3050,7
3051,8
3052,5
3053,0
3054,8
3055,8
3056,0
3057,8
3058,0
3059,1
3060,5
3061,6
3062,6
3063,5
3064,7
3065,7
3066,0
3067,8
3068,3
3069,3
3070,8
3071,9
3072,1
3073,5
3074,1
3075,8
3076,2
3077,5
3078,2
3079,4
3080,2
3081,7
3082,3
3083,2
3084,7
3085,6
3086,0
3087,2
3088,2
3089,3
3090,0
3091,9
3092,8
3093,1
3094,6
3095,1
3096,7
3097,2
3098,5
3099,7
3100,4
3101,6
3102,8
3103,4
3104,9
3105,6
3106,7
3107,9
3108,3
3109,7
3110,7
3111,0
3112,6
3113,5
3114,8
3115,9
3116,7
3117,3
3118,1
3119,2
3120,6
3121,8
3122,2
3123,6
3124,9
3125,0
3126,2
3127,1
3128,5
3129,8
3130,2
3131,7
3132,8
3133,7
3134,8
3135,8
3136,2
3137,8
3138,0
3139,3
3140,9
3141,0
3142,1
3143,3
3144,9
3145,7
3146,9
3147,5
3148,3
3149,3
3150,5
3151,0
3152,4
3153,3
3154,7
3155,9
3156,8
3157,9
3158,1
3159,1
3160,7
3161,5
3162,7
3163,0
3164,2
3165,6
3166,6
3167,4
3168,8
3169,1
3170,0
3171,2
3172,6
3173,7
3174,7
3175,1
3176,5
3177,4
3178,1
3179,9
3180,0
3181,3
3182,5
3183,8
3184,8
3185,2
3186,8
3187,5
3188,7
3189,7
3190,2
3191,2
3192,8
3193,9
3194,2
3195,3
3196,6
3197,8
3198,2
3199,0
3200,1
3201,9
3202,3
3203,6
3204,0
3205,3
3206,1
3207,6
3208,6
3209,6
3210,5
3211,4
3212,2
3213,7
3214,6
3215,1
3216,4
3217,1
3218,2
3219,6
3220,9
3221,1
3222,0
3223,5
3224,4
3225,6
3226,3
3227,1
3228,6
3229,1
3230,2
3231,4
3232,3
3233,9
3234,3
3235,1
3236,8
3237,1
3238,8
3239,8
3240,4
3241,7
3242,4
3243,8
3244,5
3245,7
3246,9
3247,6
3248,4
3249,4
3250,6
3251,5
3252,2
3253,8
3254,9
3255,5
3256,6
3257,6
3258,1
3259,1
3260,1
3261,9
3262,9
3263,6
3264,4
3265,9
3266,1
3267,0
3268,3
3269,1
3270,0
3271,9
3272,3
3273,7
3274,0
3275,6
3276,5
3277,0
3278,2
3279,8
3280,6
3281,2
3282,4
3283,8
3284,9
3285,8
3286,2
3287,4
3288,5
3289,0
3290,6
3291,8
3292,5
3293,5
3294,7
3295,1
3296,0
3297,4
3298,7
3299,4
3300,6
3301,5
3302,1
3303,5
3304,2
3305,0
3306,1
3307,7
3308,6
3309,3
3310,7
3311,3
3312,5
3313,9
3314,9
3315,5
3316,5
3317,4
3318,4
3319,7
3320,2
3321,2
3322,9
3323,4
3324,3
3325,7
3326,7
3327,5
3328,8
3329,7
3330,9
3331,3
3332,2
3333,2
3334,6
3335,7
3336,0
3337,1
3338,2
3339,9
3340,9
3341,0
3342,1
3343,8
3344,4
3345,4
3346,6
3347,8
3348,7
3349,5
3350,0
3351,9
3352,2
3353,3
3354,7
3355,6
3356,8
3357,7
3358,4
3359,3
3360,7
3361,8
3362,9
3363,2
3364,9
3365,8
3366,3
3367,9
3368,7
3369,5
3370,5
3371,0
3372,0
3373,3
3374,2
3375,8
3376,1
3377,7
3378,9
3379,9
3380,9
3381,6
3382,7
3383,6
3384,2
3385,2
3386,2
3387,6
3388,0
3389,7
3390,6
3391,6
3392,7
3393,0
3394,1
3395,2
3396,3
3397,2
3398,4
3399,1
3400,6
3401,6
3402,6
3403,7
3404,0
3405,6
3406,1
3407,8
3408,9
3409,7
3410,6
3411,0
3412,0
3413,0
3414,2
3415,6
3416,8
3417,8
3418,4
3419,3
3420,5
3421,8
3422,6
3423,9
3424,0
3425,2
3426,7
3427,4
3428,9
3429,0
3430,7
3431,3
3432,5
3433,7
3434,0
3435,0
3436,6
3437,8
3438,4
3439,8
3440,0
3441,9
3442,7
3443,7
3444,2
3445,2
3446,2
3447,9
3448,2
3449,3
3450,8
3451,6
3452,1
3453,0
3454,9
3455,9
3456,0
3457,2
3458,7
3459,3
3460,1
3461,3
3462,4
3463,6
3464,1
3465,6
3466,2
3467,8
3468,0
3469,7
3470,3
3471,3
3472,0
3473,8
3474,5
3475,4
3476,4
3477,3
3478,5
3479,8
3480,2
3481,4
3482,0
3483,0
3484,9
3485,8
3486,2
3487,1
3488,8
3489,7
3490,2
3491,9
3492,8
3493,9
3494,4
3495,2
3496,5
3497,7
3498,4
3499,4
3500,3
3501,8
3502,8
3503,1
3504,0
3505,6
3506,8
3507,0
3508,8
3509,7
3510,1
3511,2
3512,4
3513,3
3514,0
3515,3
3516,8
3517,6
3518,1
3519,9
3520,4
3521,8
3522,4
3523,3
3524,3
3525,8
3526,4
3527,4
3528,4
3529,4
3530,3
3531,9
3532,1
3533,2
3534,8
3535,0
3536,5
3537,2
3538,0
3539,4
3540,2
3541,9
3542,5
3543,2
3544,8
3545,4
3546,9
3547,8
3548,5
3549,9
3550,1
3551,5
3552,9
3553,9
3554,4
3555,4
3556,3
3557,7
3558,4
3559,8
3560,3
3561,2
3562,9
3563,1
3564,9
3565,8
3566,1
3567,6
3568,0
3569,6
3570,1
3571,4
3572,0
3573,7
3574,5
3575,9
3576,5
3577,4
3578,2
3579,3
3580,3
3581,3
3582,9
3583,3
3584,9
3585,5
3586,0
3587,7
3588,0
3589,7
3590,6
3591,8
3592,7
3593,3
3594,0
3595,5
3596,9
3597,4
3598,7
3599,0
3600,0
3601,0
3602,7
3603,2
3604,8
3605,6
3606,4
3607,6
3608,1
3609,4
3610,0
3611,5
3612,6
3613,2
3614,3
3615,1
3616,7
3617,2
3618,3
3619,3
3620,1
3621,1
3622,4
3623,4
3624,8
3625,5
3626,1
3627,7
3628,9
3629,8
3630,0
3631,8
3632,3
3633,3
3634,8
3635,7
3636,1
3637,1
3638,4
3639,6
3640,1
3641,0
3642,4
3643,6
3644,6
3645,4
3646,9
3647,3
3648,5
3649,2
3650,3
3651,9
3652,3
3653,7
3654,1
3655,8
3656,4
3657,2
3658,3
3659,7
3660,5
3661,3
3662,4
3663,6
3664,6
3665,5
3666,0
3667,0
3668,0
3669,3
3670,4
3671,9
3672,4
3673,1
3674,1
3675,8
3676,5
3677,5
3678,6
3679,4
3680,2
3681,9
3682,2
3683,0
3684,3
3685,9
3686,5
3687,3
3688,8
3689,4
3690,6
3691,1
3692,5
3693,1
3694,6
3695,7
3696,7
3697,7
3698,2
3699,2
3700,8
3701,9
3702,9
3703,4
3704,4
3705,8
3706,9
3707,4
3708,8
3709,9
3710,7
3711,0
3712,9
3713,9
3714,4
3715,7
3716,5
3717,6
3718,4
3719,2
3720,0
3721,6
3722,8
3723,9
3724,4
3725,8
3726,7
3727,4
3728,9
3729,3
3730,8
3731,8
3732,3
3733,8
3734,5
3735,5
3736,7
3737,2
3738,5
3739,9
3740,7
3741,0
3742,5
3743,6
3744,2
3745,4
3746,8
3747,4
3748,9
3749,5
3750,6
3751,6
3752,2
3753,0
3754,6
3755,0
3756,7
3757,4
3758,4
3759,6
3760,2
3761,7
3762,1
3763,5
3764,3
3765,4
3766,8
3767,9
3768,4
3769,7
3770,8
3771,7
3772,5
3773,5
3774,8
3775,7
3776,2
3777,4
3778,5
3779,7
3780,4
3781,6
3782,7
3783,7
3784,5
3785,1
3786,3
3787,5
3788,7
3789,2
3790,4
3791,2
3792,0
3793,0
3794,0
3795,9
3796,7
3797,6
3798,2
3799,5
3800,9
3801,0
3802,5
3803,0
3804,4
3805,4
3806,1
3807,4
3808,3
3809,9
3810,3
3811,6
3812,7
3813,6
3814,1
3815,5
3816,1
3817,1
3818,3
3819,0
3820,2
3821,0
3822,4
3823,9
3824,1
3825,5
3826,5
3827,3
3828,3
3829,9
3830,2
3831,8
3832,6
3833,1
3834,1
3835,4
3836,9
3837,8
3838,6
3839,8
3840,4
3841,8
3842,7
3843,2
3844,4
3845,4
3846,0
3847,5
3848,7
3849,5
3850,4
3851,5
3852,8
3853,9
3854,4
3855,6
3856,0
3857,7
3858,3
3859,2
3860,3
3861,3
3862,6
3863,5
3864,5
3865,1
3866,6
3867,6
3868,8
3869,4
3870,4
3871,9
3872,5
3873,3
3874,7
3875,0
3876,2
3877,5
3878,7
3879,2
3880,7
3881,2
3882,2
3883,5
3884,5
3885,6
3886,5
3887,2
3888,9
3889,9
3890,8
3891,2
3892,3
3893,8
3894,8
3895,8
3896,0
3897,3
3898,6
3899,9
3900,0
3901,7
3902,3
3903,9
3904,8
3905,6
3906,5
3907,8
3908,8
3909,9
3910,4
3911,7
3912,3
3913,2
3914,4
3915,3
3916,7
3917,7
3918,2
3919,3
3920,7
3921,5
3922,0
3923,7
3924,3
3925,1
3926,8
3927,2
3928,5
3929,5
3930,3
3931,7
3932,6
3933,5
3934,4
3935,0
3936,3
3937,0
3938,9
3939,5
3940,8
3941,1
3942,8
3943,4
3944,4
3945,3
3946,4
3947,8
3948,8
3949,1
3950,5
3951,1
3952,4
3953,9
3954,6
3955,5
3956,1
3957,6
3958,6
3959,2
3960,0
3961,7
3962,7
3963,2
3964,6
3965,9
3966,5
3967,1
3968,3
3969,7
3970,3
3971,8
3972,2
3973,3
3974,9
3975,0
3976,2
3977,5
3978,5
3979,7
3980,6
3981,2
3982,2
3983,6
3984,5
3985,3
3986,9
3987,1
3988,2
3989,2
3990,5
3991,8
3992,8
3993,9
3994,1
3995,5
3996,1
3997,1
3998,8
3999,1
4000,3
4001,4
4002,7
4003,2
4004,6
4005,1
4006,4
4007,1
4008,2
4009,7
4010,8
4011,7
4012,2
4013,2
4014,8
4015,7
4016,3
4017,0
4018,9
4019,5
4020,4
4021,2
4022,0
4023,0
4024,3
4025,0
4026,4
4027,1
4028,1
4029,8
4030,1
4031,3
4032,6
4033,3
4034,1
4035,7
4036,8
4037,7
4038,6
4039,2
4040,3
4041,1
4042,1
4043,9
4044,4
4045,0
4046,9
4047,0
4048,5
4049,1
4050,0
4051,6
4052,1
4053,8
4054,9
4055,7
4056,1
4057,8
4058,6
4059,3
4060,1
4061,1
4062,8
4063,9
4064,6
4065,4
4066,9
4067,0
4068,6
4069,0
4070,2
4071,1
4072,1
4073,1
4074,8
4075,6
4076,0
4077,4
4078,1
4079,9
4080,6
4081,7
4082,9
4083,8
4084,4
4085,5
4086,8
4087,9
4088,6
4089,3
4090,6
4091,1
4092,9
4093,0
4094,2
4095,4
4096,4
4097,3
4098,7
4099,6
4100,5
4101,5
4102,5
4103,3
4104,6
4105,0
4106,1
4107,3
4108,6
4109,3
4110,1
4111,1
4112,2
4113,9
4114,1
4115,3
4116,9
4117,0
4118,5
4119,4
4120,8
4121,0
4122,6
4123,9
4124,4
4125,9
4126,0
4127,4
4128,6
4129,6
4130,3
4131,7
4132,6
4133,7
4134,3
4135,4
4136,4
4137,4
4138,1
4139,0
4140,3
4141,7
4142,3
4143,4
4144,8
4145,0
4146,6
4147,2
4148,2
4149,7
4150,7
4151,0
4152,3
4153,4
4154,8
4155,6
4156,8
4157,8
4158,9
4159,0
4160,3
4161,1
4162,3
4163,3
4164,2
4165,9
4166,5
4167,3
4168,5
4169,1
4170,3
4171,8
4172,3
4173,0
4174,1
4175,5
4176,9
4177,9
4178,2
4179,0
4180,7
4181,3
4182,9
4183,5
4184,5
4185,5
4186,7
4187,2
4188,6
4189,6
4190,9
4191,4
4192,5
4193,8
4194,1
4195,0
4196,1
4197,8
4198,6
4199,7
4200,0
4201,0
4202,6
4203,4
4204,4
4205,2
4206,3
4207,4
4208,0
4209,1
4210,7
4211,0
4212,9
4213,5
4214,6
4215,7
4216,2
4217,3
4218,3
4219,9
4220,9
4221,6
4222,0
4223,9
4224,5
4225,3
4226,0
4227,0
4228,7
4229,6
4230,1
4231,6
4232,1
4233,7
4234,6
4235,4
4236,0
4237,6
4238,0
4239,1
4240,0
4241,6
4242,2
4243,3
4244,6
4245,2
4246,7
4247,4
4248,4
4249,1
4250,8
4251,7
4252,6
4253,9
4254,3
4255,5
4256,7
4257,6
4258,7
4259,3
4260,9
4261,0
4262,5
4263,8
4264,1
4265,5
4266,7
4267,5
4268,9
4269,6
4270,7
4271,6
4272,5
4273,6
4274,7
4275,2
4276,4
4277,8
4278,9
4279,4
4280,7
4281,0
4282,5
4283,1
4284,3
4285,7
4286,0
4287,1
4288,1
4289,2
4290,9
4291,9
4292,3
4293,2
4294,1
4295,6
4296,0
4297,7
4298,8
4299,3
4300,7
4301,9
4302,6
4303,8
4304,6
4305,0
4306,3
4307,5
4308,8
4309,3
4310,1
4311,5
4312,2
4313,2
4314,2
4315,5
4316,1
4317,2
4318,6
4319,3
4320,2
4321,7
4322,0
4323,5
4324,6
4325,0
4326,2
4327,8
4328,8
4329,9
4330,2
4331,8
4332,7
4333,1
4334,6
4335,6
4336,7
4337,3
4338,9
4339,6
4340,2
4341,5
4342,1
4343,7
4344,7
4345,3
4346,4
4347,4
4348,2
4349,3
4350,8
4351,1
4352,2
4353,1
4354,5
4355,8
4356,2
4357,8
4358,0
4359,1
4360,4
4361,2
4362,4
4363,6
4364,5
4365,2
4366,7
4367,9
4368,9
4369,9
4370,3
4371,9
4372,9
4373,8
4374,4
4375,6
4376,4
4377,6
4378,9
4379,0
4380,5
4381,3
4382,2
4383,3
4384,9
4385,0
4386,7
4387,4
4388,1
4389,3
4390,4
4391,5
4392,0
4393,4
4394,9
4395,0
4396,1
4397,5
4398,4
4399,5
4400,9
4401,8
4402,3
4403,0
4404,6
4405,3
4406,9
4407,4
4408,6
4409,5
4410,6
4411,6
4412,8
4413,8
4414,9
4415,6
4416,2
4417,6
4418,4
4419,8
4420,9
4421,9
4422,1
4423,0
4424,9
4425,2
4426,3
4427,2
4428,6
4429,0
4430,9
4431,4
4432,8
4433,3
4434,4
4435,4
4436,3
4437,0
4438,8
4439,2
4440,4
4441,3
4442,7
4443,1
4444,0
4445,8
4446,7
4447,0
4448,9
4449,9
4450,0
4451,5
4452,4
4453,7
4454,2
4455,7
4456,7
4457,1
4458,4
4459,2
4460,4
4461,9
4462,9
4463,5
4464,8
4465,5
4466,3
4467,9
4468,0
4469,6
4470,3
4471,4
4472,8
4473,9
4474,2
4475,9
4476,3
4477,6
4478,5
4479,4
4480,6
4481,4
4482,4
4483,5
4484,4
4485,1
4486,2
4487,8
4488,8
4489,9
4490,1
4491,9
4492,4
4493,7
4494,7
4495,5
4496,6
4497,9
4498,1
4499,2
4500,1
4501,2
4502,6
4503,5
4504,5
4505,1
4506,4
4507,6
4508,6
4509,7
4510,5
4511,7
4512,8
4513,8
4514,9
4515,5
4516,9
4517,9
4518,7
4519,7
4520,2
4521,7
4522,4
4523,5
4524,8
4525,9
4526,2
4527,7
4528,6
4529,8
4530,7
4531,1
4532,1
4533,1
4534,6
4535,3
4536,8
4537,9
4538,7
4539,3
4540,9
4541,8
4542,2
4543,8
4544,1
4545,1
4546,4
4547,6
4548,0
4549,6
4550,1
4551,6
4552,9
4553,2
4554,4
4555,0
4556,5
4557,2
4558,7
4559,0
4560,4
4561,9
4562,2
4563,5
4564,4
4565,8
4566,5
4567,4
4568,9
4569,8
4570,3
4571,4
4572,9
4573,5
4574,7
4575,7
4576,2
4577,6
4578,1
4579,6
4580,5
4581,4
4582,5
4583,4
4584,6
4585,0
4586,6
4587,1
4588,9
4589,6
4590,7
4591,8
4592,3
4593,5
4594,6
4595,6
4596,3
4597,7
4598,6
4599,2
4600,0
4601,2
4602,7
4603,5
4604,2
4605,1
4606,4
4607,0
4608,4
4609,7
4610,5
4611,3
4612,8
4613,4
4614,5
4615,6
4616,4
4617,0
4618,1
4619,6
4620,6
4621,7
4622,2
4623,8
4624,2
4625,5
4626,7
4627,0
4628,7
4629,0
4630,6
4631,3
4632,0
4633,7
4634,8
4635,2
4636,3
4637,1
4638,3
4639,0
4640,1
4641,1
4642,2
4643,6
4644,5
4645,4
4646,6
4647,7
4648,4
4649,1
4650,3
4651,9
4652,9
4653,8
4654,6
4655,2
4656,4
4657,4
4658,4
4659,7
4660,7
4661,4
4662,4
4663,5
4664,8
4665,6
4666,8
4667,7
4668,7
4669,3
4670,2
4671,8
4672,7
4673,3
4674,3
4675,7
4676,8
4677,7
4678,5
4679,4
4680,8
4681,6
4682,2
4683,4
4684,9
4685,3
4686,2
4687,8
4688,0
4689,8
4690,0
4691,1
4692,4
4693,9
4694,7
4695,3
4696,0
4697,7
4698,8
4699,1
4700,7
4701,4
4702,1
4703,2
4704,0
4705,2
4706,1
4707,0
4708,3
4709,4
4710,4
4711,6
4712,7
4713,6
4714,3
4715,1
4716,9
4717,0
4718,6
4719,5
4720,2
4721,9
4722,3
4723,5
4724,9
4725,8
4726,3
4727,1
4728,0
4729,9
4730,0
4731,3
4732,9
4733,4
4734,6
4735,2
4736,0
4737,8
4738,4
4739,0
4740,1
4741,6
4742,9
4743,2
4744,8
4745,1
4746,9
4747,9
4748,1
4749,0
4750,9
4751,8
4752,8
4753,6
4754,6
4755,9
4756,5
4757,5
4758,1
4759,9
4760,8
4761,8
4762,2
4763,1
4764,4
4765,7
4766,2
4767,9
4768,2
4769,0
4770,4
4771,5
4772,9
4773,9
4774,8
4775,8
4776,9
4777,6
4778,0
4779,6
4780,9
4781,5
4782,1
4783,8
4784,0
4785,1
4786,7
4787,6
4788,5
4789,9
4790,7
4791,9
4792,2
4793,9
4794,7
4795,2
4796,1
4797,0
4798,3
4799,8
4800,3
4801,2
4802,4
4803,2
4804,5
4805,2
4806,8
4807,2
4808,3
4809,0
4810,5
4811,0
4812,8
4813,1
4814,8
4815,3
4816,5
4817,2
4818,8
4819,8
4820,5
4821,9
4822,5
4823,0
4824,3
4825,2
4826,3
4827,1
4828,9
4829,3
4830,1
4831,4
4832,7
4833,3
4834,1
4835,4
4836,2
4837,6
4838,9
4839,1
4840,5
4841,5
4842,7
4843,8
4844,4
4845,7
4846,5
4847,4
4848,2
4849,3
4850,1
4851,9
4852,1
4853,7
4854,9
4855,4
4856,6
4857,9
4858,7
4859,7
4860,9
4861,0
4862,7
4863,9
4864,8
4865,3
4866,7
4867,7
4868,6
4869,8
4870,8
4871,9
4872,5
4873,3
4874,5
4875,3
4876,9
4877,2
4878,5
4879,8
4880,5
4881,1
4882,0
4883,7
4884,5
4885,0
4886,6
4887,2
4888,6
4889,2
4890,9
4891,2
4892,7
4893,0
4894,2
4895,1
4896,8
4897,1
4898,8
4899,3
4900,9
4901,1
4902,5
4903,9
4904,3
4905,0
4906,8
4907,4
4908,3
4909,6
4910,5
4911,1
4912,3
4913,2
4914,4
4915,8
4916,6
4917,0
4918,5
4919,8
4920,2
4921,7
4922,5
4923,7
4924,1
4925,1
4926,0
4927,0
4928,1
4929,3
4930,8
4931,2
4932,2
4933,0
4934,2
4935,2
4936,7
4937,1
4938,0
4939,9
4940,0
4941,0
4942,5
4943,1
4944,4
4945,4
4946,7
4947,0
4948,0
4949,9
4950,0
4951,1
4952,5
4953,1
4954,7
4955,2
4956,2
4957,0
4958,7
4959,6
4960,4
4961,6
4962,2
4963,2
4964,2
4965,0
4966,9
4967,3
4968,4
4969,1
4970,5
4971,2
4972,0
4973,4
4974,5
4975,9
4976,5
4977,9
4978,3
4979,8
4980,9
4981,9
4982,4
4983,9
4984,3
4985,6
4986,2
4987,4
4988,7
4989,8
4990,4
4991,6
4992,6
4993,1
4994,9
4995,5
4996,4
4997,8
4998,6
4999,1
5000,6
5001,3
5002,2
5003,2
5004,0
5005,6
5006,8
5007,6
5008,0
5009,3
5010,2
5011,2
5012,6
5013,2
5014,8
5015,0
5016,8
5017,4
5018,3
5019,1
5020,0
5021,5
5022,4
5023,4
5024,7
5025,4
5026,4
5027,0
5028,9
5029,7
5030,7
5031,6
5032,6
5033,6
5034,8
5035,4
5036,7
5037,1
5038,1
5039,0
5040,7
5041,5
5042,3
5043,6
5044,7
5045,9
5046,5
5047,5
5048,6
5049,4
5050,9
5051,3
5052,7
5053,7
5054,8
5055,6
5056,4
5057,4
5058,1
5059,7
5060,1
5061,2
5062,9
5063,4
5064,0
5065,6
5066,4
5067,2
5068,2
5069,9
5070,2
5071,0
5072,6
5073,9
5074,7
5075,4
5076,7
5077,8
5078,8
5079,6
5080,0
5081,4
5082,2
5083,2
5084,3
5085,7
5086,4
5087,4
5088,6
5089,7
5090,9
5091,2
5092,2
5093,2
5094,5
5095,5
5096,1
5097,9
5098,2
5099,0
5100,9
5101,1
5102,9
5103,3
5104,9
5105,1
5106,5
5107,6
5108,4
5109,6
5110,6
5111,1
5112,8
5113,6
5114,7
5115,4
5116,2
5117,0
5118,2
5119,7
5120,6
5121,2
5122,5
5123,3
5124,8
5125,7
5126,5
5127,9
5128,1
5129,4
5130,9
5131,2
5132,4
5133,7
5134,3
5135,2
5136,6
5137,1
5138,1
5139,6
5140,6
5141,5
5142,1
5143,8
5144,8
5145,3
5146,8
5147,8
5148,6
5149,6
5150,2
5151,1
5152,7
5153,5
5154,1
5155,6
5156,3
5157,4
5158,2
5159,1
5160,0
5161,6
5162,6
5163,5
5164,4
5165,5
5166,8
5167,7
5168,9
5169,1
5170,7
5171,3
5172,5
5173,0
5174,2
5175,9
5176,7
5177,1
5178,3
5179,6
5180,4
5181,0
5182,7
5183,0
5184,1
5185,0
5186,9
5187,1
5188,9
5189,3
5190,7
5191,1
5192,3
5193,7
5194,1
5195,5
5196,1
5197,1
5198,0
5199,1
5200,4
5201,8
5202,9
5203,5
5204,5
5205,0
5206,5
5207,0
5208,4
5209,0
5210,8
5211,8
5212,3
5213,0
5214,1
5215,9
5216,0
5217,7
5218,1
5219,8
5220,7
5221,4
5222,0
5223,6
5224,7
5225,7
5226,3
5227,7
5228,8
5229,6
5230,0
5231,5
5232,2
5233,7
5234,1
5235,5
5236,7
5237,6
5238,5
5239,5
5240,4
5241,8
5242,0
5243,5
5244,1
5245,7
5246,1
5247,5
5248,3
5249,0
5250,8
5251,8
5252,5
5253,5
5254,2
5255,4
5256,8
5257,0
5258,0
5259,2
5260,6
5261,6
5262,9
5263,3
5264,5
5265,5
5266,1
5267,9
5268,0
5269,6
5270,1
5271,0
5272,7
5273,8
5274,4
5275,4
5276,8
5277,7
5278,0
5279,1
5280,5
5281,5
5282,0
5283,6
5284,8
5285,0
5286,6
5287,9
5288,5
5289,2
5290,2
5291,5
5292,8
5293,0
5294,6
5295,1
5296,2
5297,6
5298,6
5299,4
5300,0
5301,3
5302,4
5303,1
5304,2
5305,7
5306,5
5307,0
5308,3
5309,4
5310,0
5311,7
5312,9
5313,2
5314,0
5315,2
5316,8
5317,8
5318,8
5319,4
5320,9
5321,0
5322,2
5323,9
5324,5
5325,3
5326,5
5327,5
5328,9
5329,7
5330,6
5331,6
5332,4
5333,0
5334,9
5335,7
5336,0
5337,2
5338,1
5339,8
5340,5
5341,9
5342,7
5343,7
5344,6
5345,6
5346,7
5347,1
5348,8
5349,2
5350,4
5351,3
5352,9
5353,0
5354,8
5355,4
5356,8
5357,0
5358,5
5359,5
5360,7
5361,4
5362,4
5363,9
5364,4
5365,9
5366,1
5367,3
5368,0
5369,2
5370,3
5371,0
5372,5
5373,1
5374,4
5375,6
5376,3
5377,2
5378,2
5379,8
5380,2
5381,9
5382,2
5383,3
5384,5
5385,4
5386,9
5387,0
5388,7
5389,7
5390,5
5391,3
5392,4
5393,2
5394,0
5395,1
5396,9
5397,5
5398,3
5399,1
5400,1
5401,1
5402,5
5403,8
5404,0
5405,2
5406,0
5407,9
5408,1
5409,3
5410,7
5411,8
5412,9
5413,9
5414,0
5415,7
5416,4
5417,2
5418,3
5419,8
5420,7
5421,1
5422,1
5423,2
5424,5
5425,2
5426,5
5427,9
5428,7
5429,0
5430,6
5431,3
5432,5
5433,9
5434,8
5435,6
5436,8
5437,8
5438,8
5439,8
5440,2
5441,2
5442,9
5443,9
5444,9
5445,5
5446,8
5447,8
5448,0
5449,7
5450,2
5451,1
5452,3
5453,3
5454,5
5455,7
5456,2
5457,4
5458,9
5459,1
5460,6
5461,4
5462,1
5463,9
5464,2
5465,5
5466,1
5467,5
5468,8
5469,6
5470,4
5471,5
5472,8
5473,3
5474,8
5475,1
5476,3
5477,4
5478,9
5479,0
5480,1
5481,3
5482,9
5483,8
5484,9
5485,5
5486,9
5487,7
5488,6
5489,6
5490,5
5491,1
5492,2
5493,2
5494,3
5495,8
5496,8
5497,3
5498,5
5499,6
5500,0
5501,0
5502,9
5503,5
5504,6
5505,5
5506,3
5507,5
5508,3
5509,0
5510,7
5511,7
5512,7
5513,6
5514,4
5515,3
5516,9
5517,2
5518,5
5519,0
5520,0
5521,6
5522,2
5523,9
5524,3
5525,6
5526,5
5527,9
5528,3
5529,6
5530,8
5531,6
5532,9
5533,4
5534,3
5535,0
5536,1
5537,5
5538,0
5539,7
5540,9
5541,5
5542,7
5543,0
5544,1
5545,5
5546,5
5547,6
5548,5
5549,9
5550,7
5551,3
5552,3
5553,2
5554,5
5555,1
5556,2
5557,3
5558,1
5559,2
5560,2
5561,8
5562,2
5563,4
5564,2
5565,6
5566,9
5567,0
5568,9
5569,2
5570,1
5571,4
5572,8
5573,0
5574,2
5575,1
5576,1
5577,8
5578,1
5579,0
5580,9
5581,5
5582,1
5583,5
5584,1
5585,5
5586,8
5587,6
5588,0
5589,4
5590,1
5591,6
5592,1
5593,9
5594,5
5595,4
5596,7
5597,5
5598,0
5599,6
5600,4
5601,8
5602,5
5603,4
5604,2
5605,4
5606,5
5607,0
5608,3
5609,8
5610,3
5611,3
5612,5
5613,8
5614,0
5615,0
5616,8
5617,5
5618,1
5619,4
5620,6
5621,7
5622,8
5623,5
5624,8
5625,4
5626,0
5627,8
5628,4
5629,2
5630,1
5631,2
5632,7
5633,4
5634,6
5635,4
5636,6
5637,4
5638,7
5639,0
5640,3
5641,0
5642,4
5643,9
5644,0
5645,8
5646,0
5647,9
5648,5
5649,3
5650,6
5651,0
5652,1
5653,5
5654,3
5655,8
5656,5
5657,0
5658,3
5659,0
5660,8
5661,7
5662,1
5663,3
5664,8
5665,5
5666,6
5667,6
5668,3
5669,7
5670,6
5671,4
5672,5
5673,3
5674,8
5675,0
5676,2
5677,3
5678,3
5679,8
5680,1
5681,1
5682,0
5683,6
5684,9
5685,8
5686,0
5687,1
5688,9
5689,9
5690,8
5691,0
5692,0
5693,3
5694,4
5695,1
5696,2
5697,3
5698,3
5699,3
5700,9
5701,8
5702,3
5703,5
5704,5
5705,0
5706,2
5707,3
5708,7
5709,4
5710,6
5711,6
5712,2
5713,7
5714,0
5715,1
5716,3
5717,7
5718,3
5719,2
5720,5
5721,3
5722,3
5723,1
5724,5
5725,2
5726,8
5727,6
5728,5
5729,0
5730,9
5731,6
5732,9
5733,2
5734,8
5735,2
5736,1
5737,4
5738,9
5739,9
5740,0
5741,3
5742,9
5743,0
5744,4
5745,2
5746,3
5747,8
5748,7
5749,2
5750,8
5751,1
5752,0
5753,6
5754,5
5755,6
5756,0
5757,8
5758,9
5759,2
5760,0
5761,7
5762,3
5763,6
5764,1
5765,6
5766,7
5767,1
5768,7
5769,8
5770,0
5771,7
5772,2
5773,7
5774,3
5775,7
5776,5
5777,2
5778,4
5779,7
5780,9
5781,2
5782,9
5783,2
5784,9
5785,0
5786,1
5787,3
5788,1
5789,0
5790,0
5791,3
5792,6
5793,2
5794,4
5795,8
5796,0
5797,7
5798,6
5799,4
5800,6
5801,0
5802,6
5803,6
5804,1
5805,5
5806,2
5807,3
5808,2
5809,6
5810,9
5811,5
5812,7
5813,5
5814,6
5815,1
5816,8
5817,8
5818,6
5819,4
5820,8
5821,2
5822,4
5823,5
5824,4
5825,6
5826,0
5827,2
5828,7
5829,4
5830,8
5831,1
5832,3
5833,4
5834,4
5835,3
5836,0
5837,8
5838,5
5839,4
5840,3
5841,0
5842,8
5843,9
5844,7
5845,3
5846,7
5847,4
5848,2
5849,3
5850,4
5851,5
5852,6
5853,1
5854,0
5855,1
5856,0
5857,3
5858,0
5859,7
5860,6
5861,0
5862,4
5863,0
5864,5
5865,5
5866,5
5867,3
5868,3
5869,8
5870,3
5871,8
5872,1
5873,6
5874,4
5875,0
5876,3
5877,2
5878,6
5879,7
5880,9
5881,4
5882,9
5883,3
5884,8
5885,9
5886,0
5887,4
5888,9
5889,9
5890,7
5891,7
5892,4
5893,5
5894,4
5895,4
5896,7
5897,7
5898,4
5899,6
5900,6
5901,4
5902,6
5903,3
5904,7
5905,2
5906,7
5907,3
5908,5
5909,7
5910,7
5911,8
5912,5
5913,5
5914,1
5915,2
5916,0
5917,2
5918,6
5919,1
5920,7
5921,2
5922,2
5923,7
5924,5
5925,4
5926,5
5927,8
5928,4
5929,8
5930,3
5931,1
5932,8
5933,3
5934,4
5935,1
5936,6
5937,9
5938,2
5939,1
5940,5
5941,2
5942,6
5943,1
5944,9
5945,5
5946,7
5947,6
5948,4
5949,6
5950,1
5951,1
5952,3
5953,8
5954,0
5955,3
5956,4
5957,2
5958,3
5959,9
5960,3
5961,3
5962,8
5963,6
5964,7
5965,9
5966,5
5967,4
5968,5
5969,0
5970,5
5971,2
5972,2
5973,0
5974,0
5975,6
5976,2
5977,4
5978,1
5979,2
5980,4
5981,2
5982,3
5983,2
5984,8
5985,4
5986,3
5987,1
5988,7
5989,5
5990,5
5991,4
5992,6
5993,4
5994,7
5995,4
5996,3
5997,7
5998,5
5999,8
6000,8
6001,0
6002,2
6003,3
6004,6
6005,0
6006,5
6007,9
6008,0
6009,6
6010,4
6011,3
6012,7
6013,8
6014,3
6015,9
6016,1
6017,0
6018,9
6019,9
6020,2
6021,2
6022,4
6023,4
6024,4
6025,5
6026,4
6027,4
6028,5
6029,5
6030,3
6031,8
6032,1
6033,2
6034,8
6035,5
6036,6
6037,8
6038,9
6039,4
6040,7
6041,6
6042,1
6043,3
6044,1
6045,5
6046,3
6047,5
6048,2
6049,5
6050,9
6051,1
6052,1
6053,3
6054,5
6055,8
6056,1
6057,2
6058,8
6059,9
6060,6
6061,2
6062,8
6063,6
6064,6
6065,5
6066,6
6067,4
6068,6
6069,1
6070,2
6071,7
6072,3
6073,2
6074,3
6075,8
6076,2
6077,4
6078,6
6079,0
6080,5
6081,5
6082,5
6083,3
6084,0
6085,4
6086,2
6087,3
6088,6
6089,1
6090,4
6091,9
6092,3
6093,5
6094,1
6095,3
6096,9
6097,6
6098,7
6099,0
6100,3
6101,0
6102,1
6103,3
6104,4
6105,2
6106,6
6107,6
6108,0
6109,8
6110,2
6111,2
6112,4
6113,0
6114,0
6115,8
6116,8
6117,6
6118,6
6119,6
6120,7
6121,1
6122,2
6123,2
6124,5
6125,5
6126,4
6127,7
6128,1
6129,1
6130,9
6131,1
6132,4
6133,8
6134,9
6135,9
6136,8
6137,4
6138,9
6139,3
6140,8
6141,0
6142,5
6143,5
6144,2
6145,3
6146,4
6147,8
6148,8
6149,7
6150,7
6151,5
6152,3
6153,3
6154,4
6155,2
6156,1
6157,2
6158,3
6159,7
6160,4
6161,2
6162,1
6163,5
6164,0
6165,5
6166,4
6167,3
6168,0
6169,8
6170,1
6171,9
6172,6
6173,3
6174,2
6175,8
6176,8
6177,4
6178,3
6179,3
6180,2
6181,8
6182,6
6183,4
6184,5
6185,2
6186,5
6187,4
6188,6
6189,1
6190,9
6191,8
6192,7
6193,2
6194,1
6195,9
6196,6
6197,1
6198,0
6199,7
6200,7
6201,0
6202,7
6203,3
6204,7
6205,9
6206,5
6207,7
6208,4
6209,1
6210,9
6211,6
6212,1
6213,8
6214,0
6215,6
6216,6
6217,5
6218,4
6219,2
6220,2
6221,9
6222,5
6223,2
6224,7
6225,9
6226,7
6227,1
6228,7
6229,9
6230,0
6231,1
6232,5
6233,0
6234,2
6235,5
6236,8
6237,3
6238,5
6239,6
6240,5
6241,1
6242,8
6243,6
6244,2
6245,7
6246,0
6247,6
6248,8
6249,7
6250,5
6251,1
6252,1
6253,4
6254,4
6255,5
6256,1
6257,1
6258,6
6259,5
6260,1
6261,5
6262,6
6263,4
6264,9
6265,9
6266,5
6267,0
6268,9
6269,3
6270,8
6271,9
6272,3
6273,6
6274,9
6275,3
6276,5
6277,7
6278,4
6279,6
6280,1
6281,0
6282,7
6283,1
6284,6
6285,3
6286,3
6287,5
6288,2
6289,3
6290,0
6291,7
6292,2
6293,3
6294,7
6295,3
6296,2
6297,5
6298,0
6299,1
6300,8
6301,2
6302,5
6303,9
6304,7
6305,5
6306,3
6307,9
6308,6
6309,5
6310,7
6311,1
6312,8
6313,0
6314,4
6315,5
6316,4
6317,4
6318,4
6319,0
6320,1
6321,6
6322,3
6323,7
6324,0
6325,0
6326,1
6327,2
6328,1
6329,8
6330,3
6331,8
6332,0
6333,3
6334,6
6335,0
6336,4
6337,7
6338,9
6339,7
6340,5
6341,2
6342,6
6343,3
6344,4
6345,6
6346,5
6347,7
6348,5
6349,3
6350,3
6351,4
6352,8
6353,4
6354,2
6355,2
6356,8
6357,2
6358,9
6359,5
6360,1
6361,2
6362,6
6363,9
6364,6
6365,9
6366,2
6367,9
6368,4
6369,0
6370,9
6371,7
6372,5
6373,3
6374,8
6375,8
6376,8
6377,0
6378,9
6379,2
6380,2
6381,2
6382,9
6383,3
6384,3
6385,3
6386,0
6387,3
6388,9
6389,0
6390,9
6391,5
6392,9
6393,1
6394,9
6395,7
6396,7
6397,2
6398,4
6399,0
6400,4
6401,2
6402,2
6403,9
6404,9
6405,2
6406,4
6407,0
6408,9
6409,9
6410,2
6411,6
6412,3
6413,2
6414,8
6415,1
6416,0
6417,6
6418,0
6419,9
6420,2
6421,9
6422,0
6423,1
6424,2
6425,5
6426,4
6427,5
6428,6
6429,8
6430,3
6431,0
6432,2
6433,7
6434,7
6435,4
6436,1
6437,7
6438,7
6439,3
6440,7
6441,7
6442,9
6443,0
6444,0
6445,2
6446,2
6447,6
6448,6
6449,2
6450,4
6451,8
6452,0
6453,0
6454,5
6455,4
6456,1
6457,7
6458,1
6459,7
6460,0
6461,3
6462,4
6463,1
6464,0
6465,8
6466,8
6467,9
6468,5
6469,0
6470,2
6471,0
6472,7
6473,8
6474,9
6475,3
6476,0
6477,5
6478,4
6479,0
6480,5
6481,2
6482,9
6483,7
6484,7
6485,6
6486,3
6487,5
6488,7
6489,0
6490,8
6491,4
6492,3
6493,1
6494,7
6495,9
6496,8
6497,2
6498,0
6499,4
6500,3
6501,9
6502,6
6503,2
6504,6
6505,5
6506,0
6507,1
6508,4
6509,5
6510,1
6511,1
6512,2
6513,2
6514,8
6515,1
6516,5
6517,0
6518,9
6519,2
6520,6
6521,5
6522,5
6523,7
6524,5
6525,1
6526,1
6527,4
6528,2
6529,4
6530,4
6531,4
6532,0
6533,4
6534,3
6535,0
6536,6
6537,1
6538,0
6539,7
6540,2
6541,8
6542,2
6543,8
6544,4
6545,8
6546,7
6547,2
6548,3
6549,0
6550,7
6551,8
6552,4
6553,3
6554,3
6555,9
6556,3
6557,8
6558,5
6559,6
6560,7
6561,2
6562,9
6563,1
6564,5
6565,9
6566,0
6567,6
6568,2
6569,7
6570,3
6571,9
6572,5
6573,0
6574,7
6575,7
6576,2
6577,0
6578,9
6579,8
6580,3
6581,9
6582,2
6583,8
6584,0
6585,7
6586,7
6587,9
6588,5
6589,8
6590,9
6591,8
6592,4
6593,2
6594,8
6595,1
6596,7
6597,9
6598,2
6599,4
6600,2
6601,7
6602,9
6603,7
6604,0
6605,6
6606,7
6607,8
6608,1
6609,0
6610,9
6611,2
6612,1
6613,7
6614,8
6615,0
6616,3
6617,8
6618,2
6619,8
6620,0
6621,5
6622,0
6623,3
6624,2
6625,7
6626,2
6627,6
6628,0
6629,0
6630,9
6631,8
6632,5
6633,8
6634,0
6635,5
6636,9
6637,1
6638,8
6639,3
6640,9
6641,8
6642,9
6643,5
6644,5
6645,5
6646,0
6647,8
6648,6
6649,6
6650,6
6651,2
6652,2
6653,4
6654,5
6655,3
6656,2
6657,0
6658,1
6659,5
6660,5
6661,7
6662,3
6663,3
6664,3
6665,7
6666,0
6667,7
6668,6
6669,2
6670,4
6671,5
6672,9
6673,2
6674,2
6675,2
6676,6
6677,4
6678,1
6679,3
6680,2
6681,5
6682,3
6683,5
6684,9
6685,1
6686,0
6687,8
6688,2
6689,0
6690,0
6691,0
6692,4
6693,0
6694,9
6695,3
6696,3
6697,2
6698,1
6699,8
6700,3
6701,7
6702,3
6703,7
6704,5
6705,5
6706,8
6707,4
6708,3
6709,8
6710,4
6711,6
6712,9
6713,7
6714,2
6715,0
6716,9
6717,5
6718,0
6719,7
6720,2
6721,7
6722,0
6723,1
6724,6
6725,4
6726,9
6727,4
6728,8
6729,9
6730,4
6731,8
6732,0
6733,0
6734,1
6735,8
6736,5
6737,6
6738,0
6739,7
6740,2
6741,7
6742,3
6743,5
6744,1
6745,6
6746,3
6747,5
6748,4
6749,5
6750,9
6751,9
6752,7
6753,7
6754,0
6755,6
6756,0
6757,3
6758,9
6759,6
6760,0
6761,8
6762,0
6763,1
6764,1
6765,5
6766,8
6767,1
6768,3
6769,3
6770,2
6771,0
6772,0
6773,9
6774,8
6775,1
6776,1
6777,9
6778,7
6779,1
6780,1
6781,1
6782,3
6783,4
6784,3
6785,9
6786,9
6787,1
6788,4
6789,4
6790,6
6791,3
6792,5
6793,3
6794,3
6795,1
6796,8
6797,4
6798,1
6799,3
6800,2
6801,3
6802,1
6803,6
6804,2
6805,2
6806,8
6807,5
6808,6
6809,4
6810,8
6811,6
6812,9
6813,4
6814,7
6815,9
6816,3
6817,1
6818,6
6819,5
6820,7
6821,2
6822,3
6823,8
6824,1
6825,1
6826,5
6827,1
6828,8
6829,5
6830,9
6831,5
6832,4
6833,9
6834,3
6835,0
6836,8
6837,2
6838,4
6839,0
6840,0
6841,2
6842,7
6843,4
6844,3
6845,0
6846,7
6847,1
6848,0
6849,4
6850,4
6851,7
6852,6
6853,4
6854,8
6855,2
6856,1
6857,4
6858,5
6859,6
6860,2
6861,6
6862,2
6863,9
6864,9
6865,4
6866,1
6867,2
6868,2
6869,5
6870,7
6871,3
6872,9
6873,6
6874,9
6875,6
6876,1
6877,4
6878,3
6879,2
6880,9
6881,5
6882,5
6883,2
6884,0
6885,0
6886,6
6887,7
6888,7
6889,1
6890,2
6891,5
6892,0
6893,8
6894,7
6895,7
6896,3
6897,0
6898,6
6899,8
6900,4
6901,4
6902,9
6903,1
6904,6
6905,3
6906,8
6907,4
6908,4
6909,3
6910,1
6911,5
6912,3
6913,2
6914,4
6915,3
6916,1
6917,3
6918,9
6919,0
6920,2
6921,9
6922,7
6923,0
6924,1
6925,8
6926,4
6927,8
6928,5
6929,4
6930,2
6931,2
6932,6
6933,5
6934,3
6935,1
6936,8
6937,0
6938,7
6939,6
6940,1
6941,0
6942,6
6943,2
6944,2
6945,1
6946,0
6947,3
6948,6
6949,3
6950,8
6951,7
6952,8
6953,4
6954,4
6955,3
6956,8
6957,3
6958,1
6959,7
6960,6
6961,1
6962,8
6963,9
6964,2
6965,4
6966,3
6967,8
6968,4
6969,0
6970,3
6971,4
6972,1
6973,7
6974,0
6975,3
6976,3
6977,5
6978,7
6979,6
6980,9
6981,7
6982,9
6983,1
6984,6
6985,2
6986,2
6987,7
6988,5
6989,6
6990,0
6991,5
6992,9
6993,7
6994,2
6995,9
6996,2
6997,7
6998,8
6999,7
7000,5
7001,8
7002,4
7003,3
7004,7
7005,7
7006,2
7007,1
7008,1
7009,5
7010,2
7011,1
7012,9
7013,8
7014,4
7015,7
7016,3
7017,2
7018,1
7019,4
7020,2
7021,6
7022,6
7023,2
7024,2
7025,4
7026,3
7027,9
7028,9
7029,2
7030,0
7031,4
7032,3
7033,2
7034,9
7035,7
7036,7
7037,3
7038,8
7039,3
7040,1
7041,1
7042,4
7043,3
7044,9
7045,6
7046,4
7047,3
7048,8
7049,1
7050,8
7051,6
7052,0
7053,1
7054,4
7055,5
7056,2
7057,9
7058,6
7059,6
7060,4
7061,5
7062,4
7063,3
7064,6
7065,1
7066,8
7067,7
7068,2
7069,1
7070,0
7071,0
7072,3
7073,6
7074,1
7075,4
7076,9
7077,6
7078,5
7079,3
7080,9
7081,9
7082,2
7083,9
7084,2
7085,4
7086,7
7087,4
7088,7
7089,5
7090,1
7091,4
7092,8
7093,9
7094,6
7095,9
7096,5
7097,2
7098,3
7099,2
7100,9
7101,2
7102,2
7103,1
7104,2
7105,6
7106,6
7107,9
7108,9
7109,3
7110,7
7111,5
7112,9
7113,4
7114,6
7115,2
7116,7
7117,2
7118,6
7119,0
7120,8
7121,3
7122,7
7123,1
7124,3
7125,0
7126,1
7127,8
7128,5
7129,5
7130,4
7131,6
7132,9
7133,9
7134,9
7135,0
7136,6
7137,6
7138,8
7139,9
7140,2
7141,0
7142,1
7143,6
7144,3
7145,0
7146,6
7147,8
7148,7
7149,6
7150,1
7151,6
7152,5
7153,8
7154,7
7155,8
7156,5
7157,1
7158,0
7159,3
7160,7
7161,1
7162,9
7163,2
7164,5
7165,1
7166,1
7167,8
7168,9
7169,9
7170,7
7171,4
7172,4
7173,0
7174,1
7175,0
7176,0
7177,4
7178,3
7179,0
7180,9
7181,8
7182,0
7183,6
7184,8
7185,4
7186,4
7187,0
7188,7
7189,1
7190,2
7191,4
7192,4
7193,2
7194,5
7195,2
7196,8
7197,9
7198,2
7199,4
7200,2
7201,8
7202,2
7203,6
7204,4
7205,5
7206,2
7207,3
7208,0
7209,6
7210,5
7211,3
7212,9
7213,9
7214,0
7215,8
7216,4
7217,0
7218,8
7219,4
7220,4
7221,4
7222,2
7223,3
7224,2
7225,1
7226,4
7227,9
7228,3
7229,9
7230,0
7231,3
7232,2
7233,9
7234,2
7235,9
7236,0
7237,7
7238,6
7239,8
7240,5
7241,7
7242,3
7243,3
7244,0
7245,5
7246,4
7247,0
7248,6
7249,3
7250,0
7251,3
7252,7
7253,0
7254,9
7255,7
7256,2
7257,9
7258,9
7259,4
7260,9
7261,2
7262,9
7263,0
7264,7
7265,2
7266,4
7267,5
7268,5
7269,3
7270,6
7271,4
7272,3
7273,8
7274,8
7275,2
7276,4
7277,5
7278,8
7279,6
7280,1
7281,5
7282,9
7283,3
7284,3
7285,9
7286,2
7287,0
7288,5
7289,4
7290,5
7291,9
7292,8
7293,8
7294,9
7295,0
7296,7
7297,9
7298,5
7299,4
7300,5
7301,1
7302,1
7303,2
7304,5
7305,8
7306,0
7307,0
7308,0
7309,7
7310,4
7311,4
7312,9
7313,7
7314,8
7315,6
7316,2
7317,3
7318,7
7319,2
7320,6
7321,5
7322,2
7323,4
7324,7
7325,1
7326,5
7327,7
7328,7
7329,7
7330,3
7331,6
7332,8
7333,5
7334,4
7335,9
7336,8
7337,1
7338,5
7339,6
7340,0
7341,3
7342,5
7343,4
7344,5
7345,1
7346,6
7347,6
7348,7
7349,1
7350,9
7351,7
7352,4
7353,7
7354,2
7355,0
7356,4
7357,4
7358,8
7359,6
7360,3
7361,8
7362,9
7363,1
7364,4
7365,3
7366,7
7367,9
7368,6
7369,1
7370,8
7371,2
7372,4
7373,6
7374,1
7375,7
7376,1
7377,3
7378,5
7379,0
7380,9
7381,5
7382,1
7383,5
7384,5
7385,5
7386,2
7387,6
7388,1
7389,1
7390,9
7391,9
7392,3
7393,8
7394,8
7395,7
7396,4
7397,0
7398,4
7399,4
7400,3
7401,0
7402,4
7403,3
7404,8
7405,7
7406,2
7407,1
7408,1
7409,0
7410,1
7411,7
7412,1
7413,6
7414,4
7415,9
7416,2
7417,5
7418,4
7419,7
7420,1
7421,0
7422,7
7423,8
7424,2
7425,4
7426,9
7427,2
7428,7
7429,9
7430,6
7431,7
7432,9
7433,3
7434,9
7435,4
7436,9
7437,8
7438,4
7439,2
7440,6
7441,9
7442,5
7443,8
7444,8
7445,9
7446,6
7447,3
7448,2
7449,8
7450,0
7451,9
7452,0
7453,6
7454,2
7455,8
7456,0
7457,0
7458,7
7459,4
7460,5
7461,9
7462,8
7463,8
7464,6
7465,6
7466,2
7467,8
7468,1
7469,8
7470,8
7471,5
7472,8
7473,8
7474,4
7475,3
7476,8
7477,5
7478,2
7479,8
7480,6
7481,7
7482,1
7483,9
7484,6
7485,1
7486,4
7487,7
7488,9
7489,5
7490,4
7491,2
7492,3
7493,8
7494,4
7495,9
7496,5
7497,9
7498,1
7499,0
7500,3
7501,0
7502,4
7503,1
7504,7
7505,4
7506,6
7507,1
7508,7
7509,1
7510,6
7511,1
7512,4
7513,0
7514,1
7515,0
7516,7
7517,4
7518,2
7519,0
7520,3
7521,6
7522,0
7523,2
7524,4
7525,9
7526,1
7527,1
7528,6
7529,2
7530,0
7531,0
7532,1
7533,1
7534,3
7535,9
7536,8
7537,7
7538,8
7539,6
7540,0
7541,1
7542,6
7543,2
7544,5
7545,1
7546,8
7547,3
7548,5
7549,8
7550,7
7551,5
7552,3
7553,2
7554,2
7555,9
7556,5
7557,6
7558,6
7559,4
7560,3
7561,2
7562,6
7563,6
7564,1
7565,8
7566,3
7567,5
7568,5
7569,4
7570,2
7571,3
7572,8
7573,0
7574,9
7575,0
7576,0
7577,0
7578,8
7579,3
7580,8
7581,0
7582,6
7583,9
7584,2
7585,2
7586,8
7587,4
7588,1
7589,4
7590,8
7591,1
7592,6
7593,1
7594,4
7595,0
7596,8
7597,1
7598,3
7599,8
7600,3
7601,2
7602,5
7603,4
7604,0
7605,8
7606,9
7607,3
7608,6
7609,7
7610,7
7611,9
7612,0
7613,2
7614,4
7615,7
7616,9
7617,9
7618,1
7619,8
7620,1
7621,8
7622,3
7623,8
7624,3
7625,4
7626,7
7627,8
7628,2
7629,3
7630,9
7631,5
7632,7
7633,8
7634,7
7635,8
7636,7
7637,2
7638,2
7639,0
7640,2
7641,0
7642,4
7643,8
7644,5
7645,8
7646,7
7647,9
7648,7
7649,8
7650,7
7651,4
7652,5
7653,5
7654,4
7655,1
7656,3
7657,0
7658,3
7659,9
7660,9
7661,3
7662,2
7663,8
7664,7
7665,5
7666,6
7667,1
7668,3
7669,5
7670,9
7671,2
7672,5
7673,0
7674,7
7675,0
7676,7
7677,4
7678,1
7679,6
7680,2
7681,4
7682,8
7683,1
7684,7
7685,9
7686,8
7687,9
7688,3
7689,1
7690,3
7691,3
7692,6
7693,4
7694,5
7695,8
7696,9
7697,4
7698,7
7699,8
7700,1
7701,9
7702,9
7703,8
7704,2
7705,2
7706,3
7707,5
7708,7
7709,9
7710,7
7711,2
7712,3
7713,6
7714,9
7715,0
7716,8
7717,8
7718,3
7719,5
7720,2
7721,3
7722,3
7723,2
7724,9
7725,3
7726,0
7727,2
7728,9
7729,6
7730,7
7731,1
7732,4
7733,0
7734,4
7735,7
7736,5
7737,2
7738,5
7739,4
7740,0
7741,6
7742,8
7743,7
7744,7
7745,3
7746,1
7747,6
7748,8
7749,2
7750,9
7751,8
7752,6
7753,1
7754,0
7755,8
7756,9
7757,0
7758,4
7759,3
7760,2
7761,4
7762,1
7763,0
7764,2
7765,1
7766,9
7767,9
7768,8
7769,6
7770,9
7771,6
7772,4
7773,7
7774,9
7775,0
7776,5
7777,5
7778,0
7779,0
7780,5
7781,8
7782,1
7783,3
7784,0
7785,5
7786,2
7787,6
7788,5
7789,0
7790,7
7791,3
7792,6
7793,9
7794,5
7795,6
7796,4
7797,7
7798,1
7799,9
7800,9
7801,7
7802,3
7803,0
7804,8
7805,6
7806,5
7807,7
7808,0
7809,2
7810,0
7811,6
7812,5
7813,6
7814,4
7815,0
7816,2
7817,8
7818,6
7819,4
7820,0
7821,3
7822,6
7823,8
7824,9
7825,8
7826,5
7827,5
7828,1
7829,4
7830,1
7831,0
7832,5
7833,4
7834,9
7835,3
7836,2
7837,3
7838,4
7839,3
7840,4
7841,2
7842,5
7843,7
7844,9
7845,9
7846,8
7847,0
7848,8
7849,6
7850,1
7851,3
7852,4
7853,7
7854,8
7855,2
7856,5
7857,7
7858,7
7859,4
7860,9
7861,2
7862,4
7863,4
7864,1
7865,2
7866,6
7867,6
7868,4
7869,2
7870,3
7871,0
7872,6
7873,2
7874,7
7875,5
7876,7
7877,3
7878,9
7879,1
7880,7
7881,1
7882,0
7883,4
7884,2
7885,0
7886,3
7887,4
7888,3
7889,6
7890,2
7891,7
7892,0
7893,4
7894,8
7895,0
7896,1
7897,7
7898,0
7899,2
7900,6
7901,1
7902,2
7903,0
7904,7
7905,9
7906,9
7907,6
7908,4
7909,9
7910,3
7911,4
7912,3
7913,8
7914,9
7915,1
7916,8
7917,7
7918,5
7919,6
7920,6
7921,2
7922,2
7923,4
7924,2
7925,9
7926,3
7927,3
7928,4
7929,8
7930,0
7931,8
7932,7
7933,7
7934,7
7935,4
7936,2
7937,1
7938,0
7939,5
7940,3
7941,0
7942,1
7943,9
7944,5
7945,3
7946,0
7947,7
7948,4
7949,5
7950,2
7951,4
7952,0
7953,0
7954,6
7955,5
7956,5
7957,8
7958,0
7959,6
7960,9
7961,9
7962,1
7963,4
7964,7
7965,2
7966,2
7967,5
7968,5
7969,1
7970,2
7971,7
7972,7
7973,1
7974,6
7975,2
7976,3
7977,1
7978,0
7979,4
7980,3
7981,2
7982,4
7983,8
7984,0
7985,6
7986,5
7987,7
7988,1
7989,9
7990,2
7991,0
7992,7
7993,4
7994,3
7995,7
7996,2
7997,2
7998,7
7999,0
8000,8
8001,9
8002,5
8003,1
8004,5
8005,8
8006,7
8007,3
8008,9
8009,0
8010,1
8011,8
8012,3
8013,0
8014,9
8015,1
8016,3
8017,0
8018,5
8019,4
8020,2
8021,7
8022,3
8023,7
8024,7
8025,0
8026,0
8027,0
8028,0
8029,9
8030,0
8031,4
8032,4
8033,9
8034,3
8035,9
8036,8
8037,2
8038,8
8039,0
8040,1
8041,9
8042,6
8043,2
8044,6
8045,8
8046,8
8047,5
8048,9
8049,6
8050,3
8051,4
8052,4
8053,3
8054,6
8055,0
8056,4
8057,8
8058,4
8059,4
8060,1
8061,2
8062,0
8063,6
8064,9
8065,8
8066,9
8067,9
8068,2
8069,9
8070,7
8071,6
8072,0
8073,0
8074,7
8075,3
8076,1
8077,8
8078,7
8079,4
8080,6
8081,5
8082,9
8083,9
8084,7
8085,2
8086,3
8087,7
8088,0
8089,9
8090,3
8091,0
8092,4
8093,3
8094,6
8095,8
8096,9
8097,5
8098,7
8099,2
8100,2
8101,2
8102,2
8103,1
8104,9
8105,6
8106,7
8107,9
8108,5
8109,9
8110,9
8111,4
8112,7
8113,8
8114,5
8115,0
8116,3
8117,2
8118,7
8119,2
8120,6
8121,5
8122,8
8123,3
8124,5
8125,1
8126,0
8127,9
8128,7
8129,8
8130,0
8131,0
8132,9
8133,2
8134,7
8135,7
8136,8
8137,5
8138,4
8139,0
8140,1
8141,3
8142,5
8143,2
8144,9
8145,8
8146,8
8147,4
8148,3
8149,5
8150,3
8151,0
8152,6
8153,6
8154,4
8155,5
8156,3
8157,9
8158,9
8159,0
8160,2
8161,8
8162,7
8163,4
8164,9
8165,6
8166,9
8167,9
8168,9
8169,9
8170,8
8171,6
8172,8
8173,3
8174,0
8175,4
8176,0
8177,7
8178,7
8179,8
8180,5
8181,6
8182,9
8183,4
8184,2
8185,8
8186,2
8187,6
8188,0
8189,5
8190,8
8191,6
8192,3
8193,9
8194,8
8195,5
8196,5
8197,5
8198,1
8199,1
8200,0
8201,1
8202,0
8203,6
8204,0
8205,9
8206,0
8207,8
8208,8
8209,2
8210,2
8211,8
8212,7
8213,5
8214,6
8215,1
8216,3
8217,2
8218,8
8219,7
8220,1
8221,1
8222,9
8223,9
8224,7
8225,6
8226,3
8227,2
8228,2
8229,3
8230,0
8231,5
8232,2
8233,2
8234,2
8235,7
8236,4
8237,0
8238,1
8239,5
8240,6
8241,0
8242,5
8243,3
8244,0
8245,8
8246,3
8247,1
8248,3
8249,9
8250,9
8251,0
8252,5
8253,5
8254,6
8255,4
8256,2
8257,2
8258,4
8259,8
8260,1
8261,0
8262,5
8263,2
8264,4
8265,7
8266,6
8267,6
8268,6
8269,2
8270,6
8271,2
8272,4
8273,6
8274,3
8275,7
8276,3
8277,0
8278,6
8279,9
8280,9
8281,9
8282,1
8283,6
8284,6
8285,4
8286,7
8287,3
8288,9
8289,8
8290,8
8291,4
8292,3
8293,2
8294,5
8295,2
8296,5
8297,3
8298,7
8299,3
8300,7
8301,1
8302,0
8303,9
8304,4
8305,0
8306,5
8307,6
8308,7
8309,2
8310,2
8311,3
8312,5
8313,4
8314,7
8315,4
8316,1
8317,0
8318,8
8319,7
8320,7
8321,2
8322,9
8323,0
8324,4
8325,8
8326,5
8327,4
8328,9
8329,7
8330,0
8331,5
8332,8
8333,7
8334,8
8335,6
8336,2
8337,8
8338,5
8339,3
8340,8
8341,4
8342,0
8343,4
8344,3
8345,8
8346,9
8347,0
8348,3
8349,2
8350,2
8351,5
8352,8
8353,9
8354,5
8355,9
8356,0
8357,9
8358,5
8359,8
8360,4
8361,2
8362,0
8363,1
8364,3
8365,0
8366,6
8367,4
8368,2
8369,1
8370,3
8371,0
8372,7
8373,5
8374,1
8375,7
8376,2
8377,8
8378,6
8379,5
8380,5
8381,6
8382,3
8383,7
8384,7
8385,2
8386,0
8387,8
8388,1
8389,7
8390,2
8391,6
8392,3
8393,4
8394,4
8395,1
8396,2
8397,6
8398,7
8399,1
8400,5
8401,1
8402,3
8403,0
8404,5
8405,3
8406,6
8407,0
8408,7
8409,3
8410,6
8411,0
8412,3
8413,4
8414,4
8415,0
8416,0
8417,4
8418,1
8419,1
8420,6
8421,9
8422,3
8423,2
8424,9
8425,2
8426,2
8427,9
8428,3
8429,8
8430,4
8431,6
8432,9
8433,4
8434,3
8435,5
8436,8
8437,5
8438,2
8439,5
8440,8
8441,2
8442,1
8443,6
8444,0
8445,1
8446,3
8447,9
8448,8
8449,6
8450,6
8451,0
8452,6
8453,5
8454,3
8455,7
8456,6
8457,1
8458,8
8459,9
8460,1
8461,6
8462,6
8463,2
8464,5
8465,2
8466,4
8467,9
8468,4
8469,5
8470,8
8471,2
8472,1
8473,3
8474,8
8475,5
8476,6
8477,1
8478,2
8479,2
8480,9
8481,8
8482,3
8483,7
8484,0
8485,6
8486,1
8487,4
8488,6
8489,4
8490,5
8491,6
8492,3
8493,2
8494,7
8495,5
8496,4
8497,4
8498,1
8499,4
8500,2
8501,8
8502,6
8503,7
8504,4
8505,1
8506,1
8507,8
8508,4
8509,2
8510,4
8511,5
8512,2
8513,5
8514,5
8515,7
8516,0
8517,1
8518,9
8519,8
8520,9
8521,7
8522,5
8523,5
8524,9
8525,7
8526,0
8527,3
8528,4
8529,9
8530,5
8531,8
8532,5
8533,1
8534,6
8535,9
8536,2
8537,2
8538,0
8539,1
8540,1
8541,7
8542,2
8543,2
8544,8
8545,6
8546,6
8547,7
8548,4
8549,1
8550,8
8551,6
8552,9
8553,7
8554,5
8555,4
8556,9
8557,4
8558,5
8559,0
8560,4
8561,6
8562,0
8563,8
8564,1
8565,8
8566,2
8567,2
8568,4
8569,6
8570,5
8571,1
8572,2
8573,0
8574,1
8575,0
8576,7
8577,1
8578,1
8579,7
8580,0
8581,4
8582,9
8583,0
8584,1
8585,5
8586,7
8587,0
8588,3
8589,8
8590,7
8591,4
8592,3
8593,7
8594,9
8595,7
8596,0
8597,0
8598,8
8599,5
8600,6
8601,4
8602,7
8603,9
8604,9
8605,3
8606,8
8607,2
8608,2
8609,6
8610,0
8611,2
8612,3
8613,4
8614,2
8615,2
8616,0
8617,3
8618,5
8619,7
8620,4
8621,3
8622,9
8623,7
8624,5
8625,6
8626,7
8627,5
8628,6
8629,5
8630,0
8631,1
8632,9
8633,6
8634,5
8635,8
8636,4
8637,2
8638,2
8639,5
8640,7
8641,9
8642,4
8643,0
8644,0
8645,2
8646,7
8647,4
8648,8
8649,2
8650,9
8651,0
8652,0
8653,1
8654,9
8655,2
8656,8
8657,2
8658,8
8659,8
8660,9
8661,8
8662,2
8663,2
8664,5
8665,4
8666,7
8667,3
8668,9
8669,4
8670,8
8671,8
8672,6
8673,9
8674,9
8675,1
8676,1
8677,0
8678,4
8679,5
8680,1
8681,9
8682,7
8683,7
8684,1
8685,1
8686,6
8687,6
8688,5
8689,5
8690,4
8691,1
8692,7
8693,1
8694,7
8695,2
8696,9
8697,2
8698,4
8699,7
8700,8
8701,7
8702,3
8703,5
8704,4
8705,8
8706,1
8707,1
8708,7
8709,0
8710,0
8711,0
8712,1
8713,3
8714,7
8715,4
8716,0
8717,9
8718,9
8719,0
8720,1
8721,0
8722,9
8723,9
8724,7
8725,4
8726,3
8727,3
8728,6
8729,2
8730,0
8731,9
8732,3
8733,3
8734,7
8735,9
8736,4
8737,2
8738,3
8739,7
8740,1
8741,3
8742,5
8743,2
8744,0
8745,9
8746,3
8747,3
8748,9
8749,9
8750,1
8751,5
8752,4
8753,2
8754,8
8755,9
8756,7
8757,0
8758,0
8759,2
8760,3
8761,8
8762,7
8763,7
8764,6
8765,6
8766,6
8767,3
8768,5
8769,5
8770,9
8771,1
8772,3
8773,5
8774,6
8775,0
8776,3
8777,8
8778,3
8779,8
8780,4
8781,6
8782,1
8783,6
8784,1
8785,7
8786,6
8787,8
8788,3
8789,8
8790,0
8791,0
8792,9
8793,0
8794,0
8795,3
8796,8
8797,2
8798,5
8799,4
8800,9
8801,1
8802,5
8803,5
8804,2
8805,3
8806,9
8807,2
8808,2
8809,7
8810,3
8811,0
8812,8
8813,0
8814,5
8815,6
8816,4
8817,3
8818,0
8819,4
8820,7
8821,7
8822,1
8823,1
8824,4
8825,1
8826,9
8827,1
8828,4
8829,2
8830,9
8831,5
8832,8
8833,9
8834,7
8835,3
8836,8
8837,3
8838,9
8839,2
8840,2
8841,5
8842,2
8843,4
8844,1
8845,8
8846,3
8847,7
8848,0
8849,3
8850,7
8851,3
8852,2
8853,7
8854,9
8855,1
8856,8
8857,3
8858,8
8859,3
8860,5
8861,5
8862,2
8863,6
8864,9
8865,8
8866,5
8867,3
8868,5
8869,3
8870,5
8871,9
8872,5
8873,1
8874,1
8875,3
8876,0
8877,3
8878,8
8879,8
8880,7
8881,6
8882,1
8883,4
8884,5
8885,4
8886,8
8887,9
8888,9
8889,5
8890,9
8891,9
8892,0
8893,3
8894,8
8895,4
8896,4
8897,5
8898,2
8899,6
8900,5
8901,9
8902,0
8903,1
8904,6
8905,1
8906,3
8907,6
8908,2
8909,4
8910,6
8911,9
8912,3
8913,4
8914,8
8915,2
8916,5
8917,0
8918,0
8919,9
8920,7
8921,6
8922,8
8923,4
8924,4
8925,4
8926,8
8927,4
8928,3
8929,8
8930,7
8931,8
8932,8
8933,1
8934,5
8935,8
8936,6
8937,0
8938,9
8939,2
8940,7
8941,9
8942,7
8943,2
8944,3
8945,0
8946,4
8947,3
8948,3
8949,9
8950,4
8951,6
8952,1
8953,9
8954,3
8955,3
8956,4
8957,0
8958,2
8959,4
8960,8
8961,1
8962,6
8963,3
8964,6
8965,0
8966,8
8967,8
8968,3
8969,4
8970,1
8971,9
8972,2
8973,3
8974,4
8975,2
8976,0
8977,0
8978,1
8979,2
8980,9
8981,7
8982,4
8983,6
8984,6
8985,4
8986,5
8987,6
8988,4
8989,7
8990,0
8991,1
8992,1
8993,5
8994,9
8995,1
8996,5
8997,5
8998,2
8999,8
9000,4
9001,1
9002,7
9003,3
9004,6
9005,3
9006,0
9007,6
9008,0
9009,3
9010,8
9011,6
9012,1
9013,3
9014,8
9015,3
9016,8
9017,7
9018,5
9019,6
9020,3
9021,0
9022,9
9023,9
9024,2
9025,7
9026,3
9027,7
9028,8
9029,8
9030,5
9031,9
9032,2
9033,3
9034,5
9035,9
9036,9
9037,9
9038,8
9039,4
9040,9
9041,0
9042,4
9043,0
9044,3
9045,1
9046,6
9047,0
9048,0
9049,2
9050,6
9051,2
9052,4
9053,7
9054,8
9055,2
9056,6
9057,1
9058,6
9059,8
9060,2
9061,6
9062,6
9063,4
9064,0
9065,5
9066,3
9067,0
9068,9
9069,8
9070,2
9071,5
9072,9
9073,5
9074,6
9075,0
9076,0
9077,5
9078,9
9079,7
9080,6
9081,1
9082,8
9083,7
9084,7
9085,2
9086,9
9087,5
9088,8
9089,4
9090,2
9091,1
9092,4
9093,9
9094,5
9095,3
9096,4
9097,0
9098,5
9099,1
9100,1
9101,5
9102,6
9103,6
9104,0
9105,4
9106,3
9107,8
9108,5
9109,1
9110,6
9111,0
9112,3
9113,8
9114,0
9115,8
9116,8
9117,0
9118,9
9119,0
9120,0
9121,1
9122,8
9123,2
9124,4
9125,6
9126,7
9127,1
9128,6
9129,9
9130,0
9131,6
9132,8
9133,6
9134,7
9135,1
9136,4
9137,2
9138,5
9139,8
9140,1
9141,9
9142,3
9143,6
9144,6
9145,0
9146,0
9147,0
9148,9
9149,4
9150,8
9151,9
9152,3
9153,6
9154,8
9155,5
9156,1
9157,0
9158,5
9159,5
9160,7
9161,3
9162,4
9163,0
9164,9
9165,8
9166,9
9167,2
9168,1
9169,8
9170,0
9171,6
9172,6
9173,1
9174,3
9175,6
9176,0
9177,8
9178,6
9179,6
9180,1
9181,2
9182,9
9183,4
9184,0
9185,5
9186,1
9187,0
9188,5
9189,8
9190,4
9191,0
9192,8
9193,1
9194,0
9195,3
9196,4
9197,0
9198,6
9199,8
9200,1
9201,3
9202,9
9203,8
9204,2
9205,7
9206,2
9207,4
9208,6
9209,9
9210,8
9211,4
9212,9
9213,5
9214,6
9215,3
9216,0
9217,5
9218,3
9219,1
9220,7
9221,3
9222,0
9223,7
9224,1
9225,3
9226,5
9227,8
9228,6
9229,0
9230,3
9231,1
9232,8
9233,6
9234,6
9235,5
9236,5
9237,6
9238,8
9239,1
9240,6
9241,3
9242,6
9243,2
9244,4
9245,1
9246,0
9247,3
9248,6
9249,8
9250,1
9251,2
9252,8
9253,1
9254,2
9255,3
9256,0
9257,8
9258,7
9259,6
9260,2
9261,5
9262,6
9263,8
9264,3
9265,5
9266,6
9267,1
9268,8
9269,4
9270,7
9271,4
9272,7
9273,5
9274,6
9275,1
9276,0
9277,7
9278,3
9279,2
9280,1
9281,7
9282,4
9283,9
9284,3
9285,6
9286,0
9287,0
9288,3
9289,7
9290,9
9291,8
9292,1
9293,6
9294,7
9295,2
9296,0
9297,1
9298,6
9299,7
9300,7
9301,6
9302,2
9303,0
9304,2
9305,2
9306,7
9307,1
9308,4
9309,0
9310,6
9311,7
9312,0
9313,3
9314,6
9315,8
9316,0
9317,7
9318,9
9319,5
9320,0
9321,6
9322,8
9323,7
9324,3
9325,8
9326,6
9327,0
9328,3
9329,8
9330,7
9331,6
9332,5
9333,7
9334,2
9335,1
9336,1
9337,5
9338,7
9339,1
9340,6
9341,4
9342,3
9343,6
9344,7
9345,3
9346,3
9347,9
9348,4
9349,5
9350,8
9351,7
9352,3
9353,6
9354,2
9355,5
9356,2
9357,4
9358,0
9359,2
9360,2
9361,1
9362,3
9363,5
9364,7
9365,5
9366,7
9367,9
9368,2
9369,6
9370,2
9371,2
9372,9
9373,6
9374,9
9375,1
9376,4
9377,7
9378,3
9379,4
9380,6
9381,2
9382,4
9383,6
9384,7
9385,6
9386,8
9387,2
9388,8
9389,9
9390,2
9391,3
9392,0
9393,5
9394,9
9395,2
9396,5
9397,9
9398,9
9399,9
9400,4
9401,9
9402,9
9403,3
9404,5
9405,6
9406,2
9407,7
9408,1
9409,6
9410,2
9411,6
9412,7
9413,5
9414,7
9415,3
9416,1
9417,9
9418,2
9419,7
9420,0
9421,2
9422,2
9423,2
9424,4
9425,6
9426,0
9427,4
9428,0
9429,3
9430,2
9431,7
9432,5
9433,4
9434,8
9435,6
9436,6
9437,6
9438,6
9439,4
9440,9
9441,7
9442,2
9443,5
9444,6
9445,3
9446,3
9447,9
9448,0
9449,6
9450,5
9451,2
9452,0
9453,6
9454,0
9455,3
9456,1
9457,3
9458,2
9459,8
9460,3
9461,1
9462,1
9463,0
9464,5
9465,1
9466,7
9467,8
9468,9
9469,6
9470,9
9471,7
9472,9
9473,0
9474,3
9475,1
9476,5
9477,7
9478,4
9479,7
9480,0
9481,3
9482,4
9483,7
9484,0
9485,2
9486,3
9487,8
9488,4
9489,3
9490,6
9491,7
9492,6
9493,7
9494,2
9495,9
9496,4
9497,9
9498,4
9499,3
9500,2
9501,3
9502,6
9503,3
9504,5
9505,8
9506,9
9507,2
9508,2
9509,6
9510,7
9511,6
9512,5
9513,8
9514,8
9515,4
9516,1
9517,9
9518,8
9519,9
9520,2
9521,9
9522,7
9523,7
9524,2
9525,3
9526,2
9527,9
9528,1
9529,8
9530,8
9531,3
9532,7
9533,0
9534,6
9535,5
9536,4
9537,5
9538,7
9539,1
9540,8
9541,9
9542,3
9543,8
9544,8
9545,1
9546,8
9547,4
9548,9
9549,3
9550,4
9551,8
9552,0
9553,4
9554,3
9555,5
9556,3
9557,3
9558,4
9559,6
9560,3
9561,4
9562,1
9563,6
9564,7
9565,2
9566,4
9567,8
9568,7
9569,3
9570,9
9571,9
9572,0
9573,0
9574,2
9575,6
9576,7
9577,1
9578,2
9579,7
9580,7
9581,3
9582,6
9583,5
9584,6
9585,0
9586,2
9587,4
9588,9
9589,9
9590,0
9591,9
9592,1
9593,9
9594,0
9595,0
9596,4
9597,7
9598,4
9599,8
9600,3
9601,9
9602,7
9603,6
9604,5
9605,4
9606,3
9607,1
9608,4
9609,7
9610,5
9611,0
9612,7
9613,1
9614,0
9615,2
9616,7
9617,9
9618,9
9619,2
9620,9
9621,4
9622,4
9623,4
9624,2
9625,0
9626,1
9627,6
9628,4
9629,0
9630,3
9631,7
9632,8
9633,0
9634,8
9635,1
9636,0
9637,0
9638,4
9639,1
9640,7
9641,6
9642,0
9643,2
9644,2
9645,9
9646,8
9647,3
9648,2
9649,9
9650,6
9651,0
9652,3
9653,1
9654,0
9655,6
9656,2
9657,4
9658,6
9659,4
9660,5
9661,9
9662,1
9663,6
9664,1
9665,2
9666,0
9667,5
9668,2
9669,9
9670,2
9671,3
9672,6
9673,5
9674,9
9675,7
9676,9
9677,8
9678,6
9679,6
9680,1
9681,3
9682,4
9683,6
9684,7
9685,1
9686,8
9687,8
9688,8
9689,9
9690,4
9691,6
9692,1
9693,4
9694,0
9695,8
9696,2
9697,4
9698,0
9699,5
9700,7
9701,9
9702,1
9703,3
9704,9
9705,4
9706,6
9707,6
9708,9
9709,2
9710,1
9711,3
9712,0
9713,7
9714,0
9715,4
9716,8
9717,9
9718,4
9719,3
9720,5
9721,1
9722,0
9723,1
9724,4
9725,7
9726,2
9727,4
9728,7
9729,8
9730,2
9731,6
9732,0
9733,1
9734,3
9735,2
9736,4
9737,8
9738,3
9739,8
9740,3
9741,4
9742,3
9743,9
9744,0
9745,2
9746,1
9747,5
9748,6
9749,3
9750,6
9751,7
9752,1
9753,8
9754,8
9755,7
9756,8
9757,5
9758,0
9759,7
9760,7
9761,9
9762,6
9763,9
9764,9
9765,7
9766,4
9767,9
9768,3
9769,0
9770,6
9771,9
9772,9
9773,8
9774,9
9775,7
9776,8
9777,0
9778,9
9779,4
9780,2
9781,7
9782,4
9783,0
9784,5
9785,0
9786,1
9787,0
9788,0
9789,6
9790,3
9791,9
9792,1
9793,4
9794,9
9795,1
9796,8
9797,0
9798,7
9799,3
9800,4
9801,7
9802,4
9803,0
9804,4
9805,4
9806,8
9807,8
9808,3
9809,9
9810,5
9811,1
9812,2
9813,9
9814,5
9815,0
9816,6
9817,0
9818,5
9819,9
9820,1
9821,0
9822,6
9823,4
9824,0
9825,6
9826,0
9827,5
9828,8
9829,0
9830,2
9831,7
9832,9
9833,7
9834,8
9835,9
9836,9
9837,8
9838,3
9839,2
9840,5
9841,3
9842,4
9843,1
9844,0
9845,5
9846,0
9847,1
9848,2
9849,1
9850,7
9851,4
9852,5
9853,0
9854,6
9855,6
9856,8
9857,1
9858,2
9859,6
9860,8
9861,6
9862,5
9863,7
9864,5
9865,5
9866,5
9867,1
9868,6
9869,5
9870,4
9871,7
9872,8
9873,7
9874,2
9875,0
9876,4
9877,6
9878,5
9879,0
9880,4
9881,4
9882,9
9883,4
9884,7
9885,1
9886,6
9887,7
9888,9
9889,3
9890,0
9891,7
9892,5
9893,4
9894,5
9895,2
9896,4
9897,1
9898,4
9899,4
9900,7
9901,0
9902,0
9903,6
9904,8
9905,3
9906,6
9907,2
9908,4
9909,7
9910,2
9911,5
9912,7
9913,5
9914,1
9915,6
9916,5
9917,2
9918,9
9919,7
9920,5
9921,3
9922,9
9923,1
9924,0
9925,6
9926,8
9927,0
9928,2
9929,7
9930,1
9931,8
9932,6
9933,3
9934,2
9935,6
9936,3
9937,3
9938,9
9939,7
9940,4
9941,1
9942,1
9943,2
9944,2
9945,4
9946,5
9947,0
9948,3
9949,6
9950,6
9951,9
9952,3
9953,9
9954,4
9955,0
9956,4
9957,3
9958,2
9959,0
9960,8
9961,1
9962,4
9963,7
9964,8
9965,8
9966,7
9967,0
9968,5
9969,7
9970,5
9971,4
9972,3
9973,2
9974,3
9975,3
9976,6
9977,1
9978,0
9979,0
9980,1
9981,2
9982,8
9983,8
9984,9
9985,8
9986,4
9987,2
9988,1
9989,1
9990,5
9991,8
9992,6
9993,4
9994,0
9995,6
9996,2
9997,1
9998,2
9999,9
10000,7
10001,0
10002,1
10003,7
10004,4
10005,4
10006,0
10007,9
10008,2
10009,2
10010,1
10011,5
10012,6
10013,0
10014,6
10015,3
10016,6
10017,6
10018,7
10019,9
10020,9
10021,3
10022,8
10023,1
10024,0
10025,0
10026,1
10027,0
10028,6
10029,8
10030,2
10031,4
10032,3
10033,5
10034,2
10035,2
10036,3
10037,8
10038,9
10039,2
10040,2
10041,4
10042,7
10043,1
10044,7
10045,5
10046,8
10047,4
10048,1
10049,7
10050,6
10051,9
10052,3
10053,3
10054,1
10055,0
10056,9
10057,6
10058,1
10059,8
10060,6
10061,3
10062,5
10063,2
10064,9
10065,9
10066,8
10067,6
10068,5
10069,2
10070,2
10071,2
10072,6
10073,0
10074,2
10075,4
10076,9
10077,7
10078,8
10079,1
10080,0
10081,3
10082,9
10083,6
10084,5
10085,5
10086,1
10087,0
10088,0
10089,3
10090,0
10091,6
10092,1
10093,3
10094,9
10095,2
10096,4
10097,6
10098,5
10099,7
10100,6
10101,5
10102,3
10103,7
10104,3
10105,7
10106,5
10107,9
10108,2
10109,6
10110,9
10111,5
10112,6
10113,7
10114,0
10115,4
10116,0
10117,9
10118,9
10119,4
10120,8
10121,0
10122,7
10123,3
10124,8
10125,0
10126,1
10127,0
10128,7
10129,2
10130,1
10131,9
10132,2
10133,8
10134,6
10135,7
10136,4
10137,9
10138,2
10139,2
10140,2
10141,8
10142,5
10143,3
10144,0
10145,7
10146,7
10147,4
10148,2
10149,3
10150,0
10151,8
10152,5
10153,0
10154,4
10155,3
10156,3
10157,0
10158,6
10159,4
10160,5
10161,2
10162,4
10163,8
10164,1
10165,4
10166,8
10167,5
10168,6
10169,2
10170,2
10171,0
10172,5
10173,6
10174,5
10175,2
10176,6
10177,7
10178,6
10179,7
10180,5
10181,9
10182,6
10183,0
10184,2
10185,4
10186,6
10187,4
10188,7
10189,0
10190,0
10191,5
10192,7
10193,1
10194,8
10195,1
10196,3
10197,4
10198,8
10199,4
10200,3
10201,0
10202,1
10203,1
10204,7
10205,0
10206,2
10207,1
10208,0
10209,6
10210,3
10211,8
10212,0
10213,4
10214,1
10215,4
10216,7
10217,0
10218,8
10219,2
10220,4
10221,9
10222,5
10223,2
10224,4
10225,1
10226,0
10227,2
10228,7
10229,5
10230,6
10231,0
10232,6
10233,4
10234,4
10235,1
10236,2
10237,0
10238,5
10239,9
10240,4
10241,9
10242,1
10243,0
10244,3
10245,8
10246,6
10247,1
10248,5
10249,5
10250,6
10251,8
10252,8
10253,6
10254,2
10255,1
10256,1
10257,6
10258,1
10259,3
10260,6
10261,7
10262,0
10263,0
10264,8
10265,1
10266,0
10267,0
10268,0
10269,8
10270,8
10271,6
10272,9
10273,3
10274,4
10275,1
10276,2
10277,8
10278,7
10279,1
10280,1
10281,2
10282,2
10283,1
10284,6
10285,8
10286,6
10287,3
10288,1
10289,6
10290,4
10291,6
10292,1
10293,3
10294,6
10295,8
10296,0
10297,4
10298,9
10299,3
10300,3
10301,4
10302,3
10303,6
10304,7
10305,9
10306,8
10307,5
10308,0
10309,2
10310,5
10311,0
10312,3
10313,9
10314,6
10315,9
10316,1
10317,0
10318,8
10319,1
10320,5
10321,0
10322,9
10323,2
10324,0
10325,7
10326,9
10327,3
10328,2
10329,6
10330,1
10331,3
10332,5
10333,9
10334,8
10335,7
10336,8
10337,5
10338,6
10339,7
10340,5
10341,5
10342,2
10343,3
10344,9
10345,7
10346,3
10347,5
10348,4
10349,6
10350,9
10351,3
10352,2
10353,1
10354,0
10355,1
10356,1
10357,1
10358,5
10359,7
10360,2
10361,4
10362,2
10363,7
10364,6
10365,2
10366,0
10367,5
10368,6
10369,1
10370,1
10371,6
10372,3
10373,3
10374,6
10375,7
10376,6
10377,2
10378,7
10379,8
10380,1
10381,5
10382,3
10383,7
10384,9
10385,5
10386,1
10387,4
10388,4
10389,6
10390,8
10391,4
10392,7
10393,7
10394,7
10395,8
10396,1
10397,5
10398,3
10399,3
10400,3
10401,7
10402,1
10403,3
10404,8
10405,8
10406,7
10407,3
10408,6
10409,3
10410,2
10411,0
10412,0
10413,7
10414,2
10415,5
10416,1
10417,3
10418,2
10419,8
10420,6
10421,4
10422,2
10423,5
10424,0
10425,3
10426,4
10427,0
10428,3
10429,8
10430,4
10431,1
10432,0
10433,3
10434,0
10435,3
10436,1
10437,1
10438,8
10439,4
10440,5
10441,4
10442,3
10443,2
10444,3
10445,2
10446,1
10447,3
10448,6
10449,0
10450,3
10451,3
10452,8
10453,2
10454,3
10455,5
10456,9
10457,0
10458,6
10459,7
10460,0
10461,6
10462,2
10463,6
10464,9
10465,4
10466,9
10467,5
10468,3
10469,4
10470,8
10471,6
10472,5
10473,9
10474,0
10475,4
10476,0
10477,5
10478,8
10479,0
10480,9
10481,6
10482,9
10483,6
10484,4
10485,8
10486,2
10487,2
10488,4
10489,7
10490,6
10491,4
10492,3
10493,6
10494,7
10495,2
10496,3
10497,6
10498,5
10499,5
10500,4
10501,7
10502,2
10503,4
10504,8
10505,6
10506,7
10507,0
10508,5
10509,7
10510,2
10511,0
10512,5
10513,1
10514,5
10515,6
10516,4
10517,9
10518,1
10519,3
10520,5
10521,6
10522,2
10523,3
10524,4
10525,1
10526,6
10527,6
10528,3
10529,8
10530,4
10531,4
10532,2
10533,9
10534,0
10535,4
10536,2
10537,5
10538,4
10539,6
10540,1
10541,5
10542,7
10543,4
10544,0
10545,3
10546,0
10547,8
10548,4
10549,4
10550,5
10551,3
10552,5
10553,8
10554,0
10555,7
10556,5
10557,8
10558,7
10559,7
10560,9
10561,8
10562,2
10563,9
10564,9
10565,9
10566,5
10567,8
10568,3
10569,0
10570,1
10571,4
10572,8
10573,3
10574,8
10575,8
10576,6
10577,8
10578,3
10579,1
10580,2
10581,9
10582,6
10583,3
10584,0
10585,2
10586,6
10587,3
10588,9
10589,9
10590,2
10591,2
10592,5
10593,8
10594,7
10595,8
10596,2
10597,9
10598,2
10599,5
10600,7
10601,0
10602,0
10603,9
10604,9
10605,9
10606,2
10607,5
10608,2
10609,9
10610,5
10611,3
10612,4
10613,0
10614,2
10615,0
10616,0
10617,7
10618,1
10619,7
10620,9
10621,8
10622,3
10623,5
10624,9
10625,3
10626,0
10627,7
10628,2
10629,7
10630,5
10631,4
10632,0
10633,5
10634,8
10635,2
10636,2
10637,0
10638,2
10639,1
10640,9
10641,8
10642,5
10643,8
10644,3
10645,4
10646,0
10647,9
10648,0
10649,1
10650,0
10651,1
10652,4
10653,5
10654,6
10655,8
10656,7
10657,3
10658,4
10659,6
10660,1
10661,0
10662,9
10663,9
10664,9
10665,8
10666,8
10667,7
10668,9
10669,0
10670,0
10671,0
10672,7
10673,9
10674,1
10675,4
10676,2
10677,6
10678,8
10679,8
10680,7
10681,2
10682,5
10683,7
10684,2
10685,4
10686,3
10687,7
10688,2
10689,3
10690,2
10691,3
10692,1
10693,3
10694,7
10695,3
10696,4
10697,2
10698,1
10699,2
10700,0
10701,2
10702,4
10703,1
10704,7
10705,7
10706,0
10707,7
10708,8
10709,2
10710,6
10711,1
10712,1
10713,4
10714,6
10715,7
10716,8
10717,1
10718,4
10719,1
10720,9
10721,6
10722,4
10723,8
10724,6
10725,4
10726,4
10727,5
10728,3
10729,7
10730,5
10731,2
10732,3
10733,6
10734,9
10735,2
10736,4
10737,5
10738,6
10739,0
10740,2
10741,9
10742,3
10743,5
10744,4
10745,3
10746,1
10747,7
10748,3
10749,2
10750,3
10751,7
10752,7
10753,2
10754,1
10755,3
10756,5
10757,6
10758,3
10759,0
10760,9
10761,2
10762,3
10763,2
10764,1
10765,7
10766,8
10767,6
10768,7
10769,0
10770,7
10771,3
10772,7
10773,6
10774,4
10775,5
10776,1
10777,8
10778,0
10779,9
10780,5
10781,5
10782,3
10783,1
10784,1
10785,1
10786,4
10787,7
10788,3
10789,0
10790,4
10791,7
10792,2
10793,2
10794,8
10795,8
10796,1
10797,6
10798,4
10799,2
10800,5
10801,7
10802,2
10803,7
10804,2
10805,0
10806,2
10807,9
10808,0
10809,4
10810,9
10811,1
10812,4
10813,1
10814,1
10815,8
10816,0
10817,9
10818,7
10819,9
10820,6
10821,4
10822,7
10823,5
10824,2
10825,3
10826,4
10827,7
10828,6
10829,0
10830,1
10831,6
10832,6
10833,9
10834,1
10835,4
10836,6
10837,8
10838,4
10839,1
10840,1
10841,8
10842,0
10843,7
10844,4
10845,4
10846,0
10847,2
10848,7
10849,1
10850,6
10851,5
10852,2
10853,5
10854,3
10855,3
10856,5
10857,3
10858,5
10859,9
10860,1
10861,9
10862,1
10863,2
10864,9
10865,8
10866,3
10867,1
10868,8
10869,1
10870,6
10871,1
10872,7
10873,1
10874,4
10875,8
10876,0
10877,4
10878,6
10879,5
10880,4
10881,0
10882,6
10883,6
10884,7
10885,8
10886,6
10887,7
10888,5
10889,2
10890,7
10891,5
10892,3
10893,4
10894,2
10895,4
10896,0
10897,0
10898,0
10899,6
10900,3
10901,4
10902,7
10903,4
10904,2
10905,4
10906,5
10907,3
10908,9
10909,1
10910,7
10911,8
10912,3
10913,1
10914,1
10915,8
10916,4
10917,0
10918,5
10919,0
10920,3
10921,0
10922,9
10923,7
10924,9
10925,2
10926,2
10927,2
10928,8
10929,9
10930,9
10931,0
10932,5
10933,3
10934,7
10935,7
10936,9
10937,4
10938,3
10939,3
10940,2
10941,3
10942,1
10943,0
10944,6
10945,3
10946,3
10947,2
10948,7
10949,7
10950,9
10951,4
10952,8
10953,0
10954,0
10955,7
10956,7
10957,0
10958,4
10959,2
10960,7
10961,8
10962,0
10963,9
10964,3
10965,5
10966,7
10967,8
10968,4
10969,1
10970,8
10971,8
10972,4
10973,9
10974,8
10975,6
10976,9
10977,0
10978,9
10979,0
10980,3
10981,0
10982,2
10983,8
10984,6
10985,9
10986,0
10987,2
10988,1
10989,0
10990,8
10991,2
10992,8
10993,2
10994,4
10995,0
10996,2
10997,1
10998,7
10999,1
11000,4
11001,8
11002,7
11003,7
11004,9
11005,8
11006,9
11007,9
11008,6
11009,9
11010,5
11011,1
11012,3
11013,8
11014,7
11015,7
11016,4
11017,2
11018,5
11019,0
11020,3
11021,9
11022,8
11023,6
11024,6
11025,8
11026,5
11027,9
11028,4
11029,7
11030,4
11031,9
11032,7
11033,2
11034,4
11035,5
11036,9
11037,9
11038,5
11039,7
11040,9
11041,9
11042,9
11043,7
11044,8
11045,5
11046,9
11047,1
11048,4
11049,5
11050,4
11051,0
11052,6
11053,1
11054,8
11055,5
11056,8
11057,1
11058,6
11059,7
11060,4
11061,9
11062,4
11063,9
11064,4
11065,4
11066,9
11067,9
11068,7
11069,5
11070,1
11071,1
11072,9
11073,4
11074,3
11075,8
11076,0
11077,3
11078,7
11079,0
11080,7
11081,6
11082,0
11083,1
11084,9
11085,7
11086,3
11087,6
11088,0
11089,5
11090,1
11091,5
11092,4
11093,7
11094,1
11095,5
11096,2
11097,8
11098,5
11099,3
11100,9
11101,2
11102,6
11103,9
11104,1
11105,2
11106,1
11107,3
11108,3
11109,7
11110,0
11111,4
11112,1
11113,7
11114,7
11115,5
11116,7
11117,6
11118,6
11119,4
11120,5
11121,6
11122,5
11123,0
11124,6
11125,6
11126,8
11127,8
11128,7
11129,4
11130,0
11131,3
11132,0
11133,2
11134,9
11135,3
11136,9
11137,0
11138,5
11139,7
11140,4
11141,3
11142,6
11143,9
11144,2
11145,5
11146,0
11147,0
11148,4
11149,9
11150,5
11151,8
11152,7
11153,2
11154,7
11155,1
11156,2
11157,4
11158,4
11159,7
11160,8
11161,4
11162,4
11163,3
11164,2
11165,1
11166,2
11167,2
11168,3
11169,6
11170,4
11171,2
11172,3
11173,6
11174,8
11175,6
11176,9
11177,2
11178,2
11179,0
11180,9
11181,8
11182,7
11183,4
11184,4
11185,3
11186,0
11187,3
11188,9
11189,8
11190,4
11191,5
11192,7
11193,8
11194,4
11195,6
11196,7
11197,0
11198,5
11199,1
11200,4
11201,4
11202,8
11203,1
11204,3
11205,5
11206,8
11207,7
11208,7
11209,3
11210,1
11211,3
11212,1
11213,6
11214,8
11215,4
11216,2
11217,2
11218,8
11219,6
11220,6
11221,9
11222,6
11223,4
11224,4
11225,6
11226,6
11227,9
11228,0
11229,8
11230,7
11231,6
11232,2
11233,4
11234,2
11235,4
11236,9
11237,4
11238,8
11239,2
11240,6
11241,2
11242,1
11243,3
11244,0
11245,9
11246,8
11247,8
11248,0
11249,6
11250,4
11251,7
11252,1
11253,5
11254,0
11255,3
11256,3
11257,0
11258,8
11259,5
11260,1
11261,1
11262,1
11263,3
11264,4
11265,7
11266,8
11267,0
11268,2
11269,7
11270,0
11271,3
11272,5
11273,9
11274,7
11275,3
11276,7
11277,2
11278,2
11279,0
11280,6
11281,1
11282,5
11283,5
11284,7
11285,2
11286,0
11287,2
11288,1
11289,9
11290,9
11291,9
11292,0
11293,6
11294,9
11295,2
11296,2
11297,2
11298,3
11299,3
11300,0
11301,6
11302,6
11303,2
11304,2
11305,5
11306,7
11307,4
11308,0
11309,0
11310,3
11311,5
11312,7
11313,4
11314,0
11315,9
11316,3
11317,6
11318,7
11319,4
11320,0
11321,9
11322,9
11323,0
11324,4
11325,5
11326,6
11327,2
11328,3
11329,5
11330,0
11331,6
11332,2
11333,3
11334,4
11335,5
11336,5
11337,6
11338,4
11339,7
11340,4
11341,2
11342,2
11343,4
11344,4
11345,6
11346,5
11347,0
11348,2
11349,4
11350,6
11351,2
11352,7
11353,8
11354,6
11355,5
11356,9
11357,9
11358,6
11359,4
11360,1
11361,5
11362,4
11363,7
11364,4
11365,2
11366,2
11367,1
11368,2
11369,1
11370,9
11371,6
11372,7
11373,5
11374,6
11375,7
11376,1
11377,1
11378,7
11379,7
11380,4
11381,4
11382,5
11383,4
11384,8
11385,4
11386,9
11387,7
11388,3
11389,7
11390,0
11391,1
11392,3
11393,8
11394,6
11395,7
11396,0
11397,7
11398,1
11399,6
11400,0
11401,0
11402,2
11403,4
11404,9
11405,7
11406,3
11407,2
11408,4
11409,7
11410,9
11411,1
11412,7
11413,9
11414,8
11415,9
11416,5
11417,8
11418,5
11419,0
11420,8
11421,8
11422,4
11423,6
11424,0
11425,0
11426,1
11427,9
11428,5
11429,5
11430,0
11431,6
11432,2
11433,8
11434,9
11435,8
11436,6
11437,9
11438,3
11439,1
11440,7
11441,3
11442,8
11443,0
11444,7
11445,4
11446,5
11447,4
11448,5
11449,8
11450,6
11451,6
11452,1
11453,0
11454,6
11455,1
11456,1
11457,7
11458,4
11459,4
11460,5
11461,5
11462,0
11463,3
11464,8
11465,3
11466,8
11467,0
11468,5
11469,2
11470,0
11471,8
11472,4
11473,8
11474,3
11475,0
11476,2
11477,5
11478,1
11479,7
11480,5
11481,3
11482,7
11483,5
11484,5
11485,8
11486,5
11487,0
11488,0
11489,9
11490,7
11491,2
11492,3
11493,8
11494,5
11495,6
11496,2
11497,9
11498,6
11499,6
11500,1
11501,4
11502,2
11503,6
11504,7
11505,0
11506,0
11507,3
11508,4
11509,7
11510,3
11511,9
11512,7
11513,5
11514,9
11515,6
11516,5
11517,7
11518,7
11519,6
11520,4
11521,1
11522,5
11523,9
11524,4
11525,1
11526,6
11527,4
11528,5
11529,7
11530,5
11531,0
11532,8
11533,5
11534,5
11535,6
11536,2
11537,8
11538,9
11539,5
11540,5
11541,6
11542,2
11543,8
11544,2
11545,9
11546,9
11547,8
11548,0
11549,6
11550,9
11551,4
11552,9
11553,4
11554,6
11555,5
11556,3
11557,3
11558,2
11559,1
11560,8
11561,7
11562,2
11563,9
11564,9
11565,3
11566,7
11567,0
11568,3
11569,0
11570,4
11571,6
11572,0
11573,0
11574,8
11575,6
11576,8
11577,6
11578,7
11579,1
11580,2
11581,5
11582,1
11583,3
11584,6
11585,7
11586,3
11587,3
11588,4
11589,1
11590,9
11591,3
11592,0
11593,7
11594,9
11595,6
11596,0
11597,3
11598,7
11599,9
11600,0
11601,0
11602,1
11603,2
11604,4
11605,2
11606,3
11607,5
11608,6
11609,1
11610,6
11611,8
11612,6
11613,2
11614,4
11615,2
11616,6
11617,4
11618,0
11619,6
11620,2
11621,0
11622,7
11623,7
11624,4
11625,9
11626,9
11627,9
11628,5
11629,7
11630,1
11631,8
11632,4
11633,0
11634,3
11635,5
11636,9
11637,0
11638,2
11639,5
11640,0
11641,6
11642,4
11643,4
11644,7
11645,7
11646,2
11647,1
11648,7
11649,4
11650,8
11651,6
11652,5
11653,0
11654,9
11655,0
11656,9
11657,5
11658,8
11659,0
11660,4
11661,4
11662,8
11663,8
11664,2
11665,1
11666,9
11667,7
11668,0
11669,3
11670,3
11671,8
11672,4
11673,7
11674,2
11675,2
11676,5
11677,5
11678,3
11679,5
11680,0
11681,3
11682,1
11683,8
11684,2
11685,5
11686,6
11687,4
11688,3
11689,8
11690,1
11691,1
11692,2
11693,6
11694,1
11695,9
11696,6
11697,9
11698,6
11699,4
11700,0
11701,3
11702,7
11703,2
11704,2
11705,0
11706,4
11707,0
11708,0
11709,5
11710,8
11711,9
11712,7
11713,6
11714,2
11715,4
11716,7
11717,9
11718,0
11719,4
11720,8
11721,9
11722,1
11723,6
11724,4
11725,5
11726,2
11727,4
11728,4
11729,3
11730,7
11731,4
11732,0
11733,8
11734,3
11735,0
11736,1
11737,4
11738,4
11739,8
11740,7
11741,4
11742,0
11743,7
11744,6
11745,6
11746,6
11747,4
11748,0
11749,2
11750,6
11751,4
11752,7
11753,2
11754,4
11755,9
11756,7
11757,3
11758,8
11759,8
11760,9
11761,2
11762,2
11763,7
11764,5
11765,9
11766,3
11767,6
11768,0
11769,4
11770,4
11771,6
11772,2
11773,1
11774,7
11775,5
11776,3
11777,0
11778,0
11779,9
11780,6
11781,4
11782,9
11783,8
11784,4
11785,5
11786,4
11787,6
11788,3
11789,4
11790,1
11791,2
11792,2
11793,0
11794,8
11795,1
11796,5
11797,4
11798,2
11799,0
11800,5
11801,9
11802,8
11803,3
11804,1
11805,4
11806,6
11807,1
11808,5
11809,3
11810,7
11811,1
11812,0
11813,9
11814,3
11815,6
11816,8
11817,5
11818,1
11819,3
11820,3
11821,1
11822,6
11823,6
11824,2
11825,9
11826,4
11827,8
11828,2
11829,4
11830,0
11831,6
11832,5
11833,5
11834,1
11835,3
11836,0
11837,8
11838,5
11839,9
11840,2
11841,6
11842,4
11843,1
11844,6
11845,9
11846,5
11847,2
11848,2
11849,4
11850,7
11851,3
11852,7
11853,6
11854,8
11855,8
11856,5
11857,4
11858,5
11859,8
11860,1
11861,6
11862,3
11863,4
11864,6
11865,9
11866,1
11867,4
11868,4
11869,1
11870,4
11871,6
11872,4
11873,6
11874,9
11875,4
11876,4
11877,5
11878,2
11879,2
11880,7
11881,9
11882,1
11883,1
11884,7
11885,8
11886,3
11887,6
11888,0
11889,6
11890,1
11891,6
11892,7
11893,3
11894,3
11895,1
11896,1
11897,9
11898,7
11899,8
11900,5
11901,9
11902,8
11903,4
11904,2
11905,5
11906,3
11907,4
11908,4
11909,4
11910,9
11911,0
11912,6
11913,6
11914,0
11915,9
11916,3
11917,4
11918,5
11919,9
11920,6
11921,3
11922,7
11923,5
11924,4
11925,4
11926,4
11927,4
11928,2
11929,5
11930,3
11931,5
11932,2
11933,2
11934,9
11935,9
11936,9
11937,0
11938,1
11939,8
11940,2
11941,4
11942,2
11943,2
11944,1
11945,1
11946,3
11947,5
11948,3
11949,8
11950,3
11951,5
11952,6
11953,9
11954,3
11955,9
11956,7
11957,8
11958,6
11959,9
11960,0
11961,9
11962,4
11963,9
11964,9
11965,7
11966,7
11967,5
11968,9
11969,9
11970,4
11971,2
11972,5
11973,9
11974,3
11975,7
11976,9
11977,9
11978,8
11979,6
11980,8
11981,5
11982,8
11983,1
11984,8
11985,1
11986,4
11987,1
11988,0
11989,4
11990,4
11991,8
11992,5
11993,4
11994,3
11995,5
11996,0
11997,8
11998,8
11999,0
12000,2
12001,3
12002,8
12003,5
12004,0
12005,0
12006,6
12007,6
12008,5
12009,9
12010,1
12011,0
12012,2
12013,7
12014,1
12015,2
12016,9
12017,6
12018,3
12019,7
12020,1
12021,2
12022,3
12023,0
12024,8
12025,9
12026,9
12027,1
12028,2
12029,5
12030,1
12031,2
12032,7
12033,4
12034,9
12035,1
12036,4
12037,8
12038,9
12039,7
12040,7
12041,3
12042,5
12043,4
12044,8
12045,6
12046,0
12047,5
12048,4
12049,1
12050,9
12051,8
12052,9
12053,1
12054,3
12055,6
12056,0
12057,2
12058,2
12059,0
12060,7
12061,0
12062,0
12063,0
12064,0
12065,8
12066,5
12067,0
12068,3
12069,5
12070,6
12071,4
12072,8
12073,2
12074,7
12075,9
12076,1
12077,1
12078,8
12079,4
12080,0
12081,9
12082,3
12083,7
12084,2
12085,4
12086,4
12087,0
12088,5
12089,9
12090,9
12091,2
12092,7
12093,9
12094,8
12095,3
12096,9
12097,0
12098,8
12099,6
12100,9
12101,5
12102,2
12103,4
12104,6
12105,4
12106,3
12107,1
12108,3
12109,0
12110,2
12111,4
12112,3
12113,8
12114,3
12115,7
12116,1
12117,0
12118,1
12119,2
12120,3
12121,4
12122,8
12123,1
12124,3
12125,6
12126,1
12127,4
12128,7
12129,5
12130,0
12131,4
12132,2
12133,0
12134,6
12135,6
12136,3
12137,3
12138,3
12139,4
12140,3
12141,2
12142,3
12143,2
12144,8
12145,2
12146,3
12147,8
12148,6
12149,1
12150,0
12151,1
12152,3
12153,0
12154,8
12155,8
12156,2
12157,9
12158,8
12159,2
12160,3
12161,7
12162,2
12163,4
12164,6
12165,4
12166,4
12167,3
12168,4
12169,3
12170,4
12171,6
12172,6
12173,0
12174,8
12175,0
12176,4
12177,8
12178,7
12179,2
12180,9
12181,7
12182,0
12183,9
12184,2
12185,2
12186,3
12187,0
12188,8
12189,6
12190,7
12191,1
12192,3
12193,0
12194,8
12195,8
12196,2
12197,2
12198,3
12199,2
12200,5
12201,1
12202,0
12203,2
12204,9
12205,2
12206,5
12207,2
12208,1
12209,8
12210,5
12211,1
12212,8
12213,5
12214,9
12215,3
12216,5
12217,5
12218,9
12219,5
12220,6
12221,4
12222,0
12223,4
12224,0
12225,5
12226,1
12227,0
12228,8
12229,1
12230,6
12231,1
12232,2
12233,7
12234,6
12235,9
12236,8
12237,3
12238,0
12239,1
12240,6
12241,9
12242,9
12243,9
12244,6
12245,6
12246,7
12247,2
12248,4
12249,9
12250,2
12251,8
12252,1
12253,4
12254,3
12255,0
12256,9
12257,5
12258,0
12259,1
12260,5
12261,3
12262,3
12263,6
12264,1
12265,9
12266,6
12267,5
12268,8
12269,8
12270,3
12271,4
12272,1
12273,5
12274,7
12275,1
12276,2
12277,7
12278,1
12279,1
12280,8
12281,7
12282,1
12283,9
12284,5
12285,7
12286,8
12287,9
12288,7
12289,5
12290,5
12291,1
12292,5
12293,1
12294,2
12295,5
12296,5
12297,3
12298,8
12299,2
12300,9
12301,3
12302,7
12303,8
12304,4
12305,9
12306,3
12307,2
12308,5
12309,4
12310,3
12311,3
12312,9
12313,0
12314,4
12315,7
12316,9
12317,6
12318,6
12319,8
12320,5
12321,0
12322,2
12323,1
12324,5
12325,6
12326,5
12327,3
12328,6
12329,3
12330,5
12331,8
12332,3
12333,4
12334,9
12335,0
12336,7
12337,8
12338,9
12339,0
12340,7
12341,7
12342,8
12343,1
12344,0
12345,9
12346,2
12347,0
12348,6
12349,7
12350,0
12351,4
12352,3
12353,4
12354,8
12355,6
12356,3
12357,1
12358,2
12359,3
12360,4
12361,8
12362,2
12363,3
12364,5
12365,3
12366,0
12367,9
12368,4
12369,2
12370,1
12371,8
12372,9
12373,8
12374,7
12375,4
12376,7
12377,9
12378,5
12379,6
12380,9
12381,5
12382,3
12383,8
12384,3
12385,4
12386,4
12387,6
12388,4
12389,0
12390,7
12391,9
12392,4
12393,8
12394,8
12395,8
12396,9
12397,3
12398,5
12399,4
12400,3
12401,1
12402,0
12403,5
12404,2
12405,6
12406,4
12407,7
12408,9
12409,5
12410,8
12411,1
12412,2
12413,6
12414,1
12415,3
12416,9
12417,1
12418,2
12419,1
12420,9
12421,5
12422,1
12423,5
12424,0
12425,2
12426,5
12427,7
12428,9
12429,4
12430,1
12431,3
12432,0
12433,3
12434,8
12435,4
12436,9
12437,2
12438,8
12439,1
12440,2
12441,2
12442,8
12443,2
12444,9
12445,8
12446,7
12447,3
12448,9
12449,3
12450,1
12451,4
12452,0
12453,2
12454,3
12455,1
12456,6
12457,8
12458,0
12459,6
12460,8
12461,1
12462,6
12463,5
12464,4
12465,1
12466,1
12467,8
12468,6
12469,4
12470,6
12471,5
12472,4
12473,2
12474,7
12475,8
12476,7
12477,2
12478,3
12479,3
12480,0
12481,5
12482,1
12483,7
12484,9
12485,2
12486,2
12487,7
12488,3
12489,4
12490,4
12491,4
12492,6
12493,4
12494,2
12495,4
12496,1
12497,4
12498,0
12499,9
12500,3
12501,7
12502,3
12503,8
12504,8
12505,3
12506,2
12507,5
12508,3
12509,5
12510,4
12511,3
12512,2
12513,8
12514,5
12515,2
12516,5
12517,7
12518,0
12519,2
12520,0
12521,3
12522,8
12523,3
12524,9
12525,8
12526,4
12527,8
12528,8
12529,2
12530,6
12531,8
12532,7
12533,8
12534,1
12535,6
12536,5
12537,6
12538,3
12539,0
12540,8
12541,7
12542,0
12543,5
12544,2
12545,0
12546,9
12547,3
12548,1
12549,9
12550,0
12551,1
12552,3
12553,7
12554,5
12555,8
12556,3
12557,7
12558,0
12559,4
12560,1
12561,6
12562,7
12563,3
12564,6
12565,6
12566,7
12567,3
12568,6
12569,1
12570,1
12571,8
12572,4
12573,0
12574,0
12575,3
12576,1
12577,4
12578,3
12579,6
12580,6
12581,8
12582,6
12583,8
12584,3
12585,2
12586,5
12587,1
12588,1
12589,4
12590,0
12591,3
12592,6
12593,0
12594,9
12595,7
12596,8
12597,4
12598,2
12599,4
12600,7
12601,6
12602,7
12603,7
12604,2
12605,7
12606,8
12607,9
12608,2
12609,7
12610,8
12611,7
12612,0
12613,9
12614,0
12615,0
12616,9
12617,9
12618,3
12619,9
12620,9
12621,2
12622,5
12623,9
12624,4
12625,0
12626,6
12627,9
12628,7
12629,5
12630,0
12631,9
12632,9
12633,3
12634,2
12635,6
12636,6
12637,2
12638,7
12639,4
12640,7
12641,7
12642,3
12643,3
12644,1
12645,2
12646,8
12647,3
12648,6
12649,9
12650,7
12651,8
12652,2
12653,5
12654,2
12655,9
12656,3
12657,0
12658,1
12659,9
12660,6
12661,3
12662,7
12663,2
12664,4
12665,2
12666,3
12667,2
12668,9
12669,5
12670,1
12671,1
12672,4
12673,6
12674,3
12675,9
12676,1
12677,2
12678,1
12679,5
12680,6
12681,2
12682,3
12683,4
12684,7
12685,3
12686,0
12687,8
12688,4
12689,4
12690,9
12691,7
12692,4
12693,4
12694,3
12695,6
12696,2
12697,7
12698,1
12699,7
12700,3
12701,0
12702,8
12703,8
12704,4
12705,7
12706,8
12707,5
12708,9
12709,6
12710,0
12711,1
12712,1
12713,4
12714,8
12715,0
12716,8
12717,7
12718,9
12719,2
12720,9
12721,2
12722,7
12723,0
12724,3
12725,5
12726,2
12727,7
12728,0
12729,6
12730,3
12731,8
12732,5
12733,3
12734,8
12735,0
12736,5
12737,2
12738,3
12739,3
12740,0
12741,8
12742,1
12743,8
12744,2
12745,6
12746,9
12747,1
12748,8
12749,6
12750,1
12751,2
12752,9
12753,4
12754,1
12755,8
12756,1
12757,9
12758,9
12759,1
12760,5
12761,9
12762,7
12763,0
12764,6
12765,4
12766,1
12767,0
12768,1
12769,3
12770,5
12771,3
12772,2
12773,9
12774,7
12775,9
12776,9
12777,6
12778,9
12779,3
12780,8
12781,0
12782,9
12783,8
12784,6
12785,8
12786,2
12787,9
12788,8
12789,4
12790,0
12791,3
12792,0
12793,0
12794,6
12795,1
12796,3
12797,0
12798,2
12799,5
12800,2
12801,9
12802,7
12803,2
12804,0
12805,1
12806,5
12807,4
12808,0
12809,3
12810,5
12811,0
12812,7
12813,3
12814,1
12815,4
12816,0
12817,7
12818,4
12819,6
12820,0
12821,7
12822,4
12823,4
12824,2
12825,3
12826,8
12827,7
12828,9
12829,9
12830,3
12831,6
12832,4
12833,1
12834,1
12835,6
12836,0
12837,1
12838,9
12839,4
12840,6
12841,7
12842,9
12843,7
12844,2
12845,9
12846,3
12847,1
12848,5
12849,8
12850,9
12851,5
12852,1
12853,1
12854,2
12855,6
12856,0
12857,4
12858,5
12859,7
12860,6
12861,4
12862,4
12863,2
12864,9
12865,4
12866,5
12867,3
12868,6
12869,6
12870,0
12871,0
12872,9
12873,0
12874,5
12875,5
12876,3
12877,6
12878,7
12879,9
12880,3
12881,4
12882,1
12883,1
12884,7
12885,6
12886,0
12887,2
12888,6
12889,8
12890,7
12891,9
12892,9
12893,0
12894,2
12895,0
12896,6
12897,9
12898,5
12899,9
12900,4
12901,3
12902,0
12903,7
12904,6
12905,1
12906,5
12907,3
12908,6
12909,2
12910,9
12911,3
12912,6
12913,6
12914,7
12915,9
12916,7
12917,3
12918,9
12919,7
12920,2
12921,8
12922,1
12923,1
12924,7
12925,1
12926,5
12927,5
12928,8
12929,9
12930,4
12931,6
12932,1
12933,5
12934,3
12935,0
12936,5
12937,9
12938,9
12939,0
12940,3
12941,9
12942,4
12943,8
12944,3
12945,5
12946,5
12947,9
12948,0
12949,4
12950,6
12951,7
12952,8
12953,2
12954,6
12955,1
12956,2
12957,1
12958,6
12959,9
12960,0
12961,5
12962,9
12963,5
12964,8
12965,5
12966,0
12967,3
12968,9
12969,9
12970,5
12971,7
12972,7
12973,5
12974,9
12975,0
12976,7
12977,8
12978,6
12979,5
12980,8
12981,1
12982,0
12983,0
12984,4
12985,7
12986,9
12987,0
12988,3
12989,3
12990,7
12991,8
12992,5
12993,1
12994,7
12995,1
12996,9
12997,7
12998,5
12999,6
13000,3
13001,6
13002,4
13003,4
13004,6
13005,5
13006,5
13007,6
13008,4
13009,3
13010,8
13011,1
13012,7
13013,9
13014,0
13015,4
13016,1
13017,0
13018,7
13019,0
13020,8
13021,2
13022,1
13023,0
13024,1
13025,0
13026,6
13027,8
13028,1
13029,8
13030,0
13031,8
13032,3
13033,3
13034,9
13035,8
13036,6
13037,0
13038,0
13039,1
13040,0
13041,0
13042,6
13043,6
13044,9
13045,9
13046,1
13047,6
13048,7
13049,7
13050,3
13051,9
13052,2
13053,0
13054,8
13055,4
13056,4
13057,4
13058,6
13059,8
13060,1
13061,4
13062,6
13063,9
13064,1
13065,3
13066,7
13067,6
13068,1
13069,7
13070,7
13071,1
13072,3
13073,9
13074,4
13075,7
13076,1
13077,0
13078,1
13079,9
13080,1
13081,3
13082,1
13083,3
13084,9
13085,2
13086,3
13087,5
13088,5
13089,4
13090,9
13091,8
13092,6
13093,5
13094,6
13095,9
13096,1
13097,8
13098,5
13099,2
13100,8
13101,7
13102,5
13103,0
13104,1
13105,6
13106,4
13107,9
13108,6
13109,5
13110,1
13111,3
13112,4
13113,3
13114,7
13115,9
13116,5
13117,3
13118,7
13119,1
13120,5
13121,3
13122,6
13123,8
13124,8
13125,8
13126,3
13127,4
13128,8
13129,0
13130,4
13131,0
13132,5
13133,9
13134,6
13135,4
13136,3
13137,9
13138,8
13139,7
13140,5
13141,4
13142,5
13143,2
13144,1
13145,2
13146,0
13147,9
13148,5
13149,0
13150,7
13151,7
13152,4
13153,3
13154,5
13155,5
13156,0
13157,1
13158,7
13159,7
13160,2
13161,2
13162,5
13163,7
13164,9
13165,9
13166,0
13167,7
13168,2
13169,4
13170,1
13171,4
13172,0
13173,0
13174,9
13175,7
13176,4
13177,8
13178,3
13179,9
13180,6
13181,3
13182,8
13183,3
13184,6
13185,6
13186,9
13187,1
13188,6
13189,0
13190,2
13191,6
13192,9
13193,1
13194,1
13195,6
13196,2
13197,3
13198,6
13199,8
13200,9
13201,8
13202,4
13203,8
13204,7
13205,5
13206,7
13207,6
13208,7
13209,6
13210,1
13211,1
13212,0
13213,4
13214,2
13215,7
13216,1
13217,8
13218,3
13219,3
13220,7
13221,4
13222,6
13223,2
13224,7
13225,9
13226,4
13227,7
13228,9
13229,0
13230,5
13231,7
13232,7
13233,2
13234,7
13235,9
13236,9
13237,4
13238,2
13239,1
13240,3
13241,8
13242,2
13243,1
13244,9
13245,2
13246,6
13247,6
13248,5
13249,9
13250,7
13251,7
13252,3
13253,7
13254,2
13255,1
13256,1
13257,2
13258,0
13259,5
13260,3
13261,3
13262,3
13263,5
13264,9
13265,7
13266,0
13267,4
13268,6
13269,6
13270,7
13271,7
13272,5
13273,3
13274,7
13275,0
13276,1
13277,1
13278,4
13279,5
13280,0
13281,5
13282,6
13283,0
13284,7
13285,9
13286,9
13287,6
13288,7
13289,4
13290,0
13291,0
13292,8
13293,0
13294,3
13295,2
13296,6
13297,6
13298,3
13299,1
13300,8
13301,5
13302,9
13303,6
13304,7
13305,4
13306,9
13307,3
13308,2
13309,2
13310,0
13311,2
13312,6
13313,0
13314,2
13315,9
13316,7
13317,6
13318,4
13319,4
13320,3
13321,6
13322,8
13323,6
13324,2
13325,6
13326,6
13327,0
13328,6
13329,5
13330,0
13331,1
13332,7
13333,1
13334,4
13335,0
13336,8
13337,9
13338,3
13339,3
13340,2
13341,0
13342,6
13343,8
13344,0
13345,1
13346,6
13347,6
13348,5
13349,5
13350,6
13351,3
13352,5
13353,7
13354,8
13355,6
13356,3
13357,9
13358,8
13359,9
13360,8
13361,3
13362,5
13363,1
13364,5
13365,3
13366,4
13367,3
13368,1
13369,9
13370,2
13371,9
13372,3
13373,4
13374,2
13375,3
13376,5
13377,1
13378,4
13379,5
13380,0
13381,0
13382,7
13383,8
13384,5
13385,1
13386,1
13387,5
13388,9
13389,9
13390,1
13391,5
13392,0
13393,7
13394,6
13395,4
13396,2
13397,7
13398,0
13399,4
13400,5
13401,6
13402,6
13403,2
13404,5
13405,0
13406,3
13407,1
13408,2
13409,7
13410,3
13411,3
13412,3
13413,6
13414,9
13415,0
13416,9
13417,5
13418,0
13419,5
13420,8
13421,7
13422,1
13423,1
13424,6
13425,9
13426,9
13427,0
13428,5
13429,5
13430,9
13431,6
13432,4
13433,1
13434,7
13435,4
13436,6
13437,9
13438,7
13439,9
13440,2
13441,2
13442,4
13443,7
13444,1
13445,1
13446,8
13447,7
13448,0
13449,7
13450,9
13451,0
13452,9
13453,7
13454,1
13455,2
13456,2
13457,4
13458,1
13459,9
13460,8
13461,0
13462,3
13463,3
13464,4
13465,6
13466,1
13467,4
13468,7
13469,1
13470,9
13471,0
13472,8
13473,2
13474,2
13475,6
13476,0
13477,1
13478,5
13479,5
13480,6
13481,2
13482,3
13483,0
13484,0
13485,1
13486,4
13487,9
13488,2
13489,7
13490,6
13491,2
13492,4
13493,4
13494,9
13495,1
13496,8
13497,1
13498,8
13499,7
13500,5
13501,8
13502,8
13503,6
13504,5
13505,2
13506,4
13507,2
13508,6
13509,4
13510,6
13511,4
13512,3
13513,4
13514,1
13515,4
13516,6
13517,1
13518,1
13519,6
13520,0
13521,0
13522,5
13523,9
13524,0
13525,4
13526,7
13527,6
13528,9
13529,2
13530,9
13531,3
13532,0
13533,6
13534,1
13535,2
13536,4
13537,5
13538,2
13539,6
13540,6
13541,6
13542,2
13543,5
13544,0
13545,5
13546,0
13547,4
13548,6
13549,5
13550,7
13551,0
13552,2
13553,6
13554,0
13555,3
13556,1
13557,4
13558,6
13559,0
13560,1
13561,2
13562,9
13563,6
13564,7
13565,6
13566,9
13567,5
13568,9
13569,4
13570,0
13571,4
13572,2
13573,7
13574,3
13575,2
13576,0
13577,3
13578,9
13579,8
13580,6
13581,5
13582,8
13583,4
13584,5
13585,1
13586,5
13587,4
13588,4
13589,6
13590,9
13591,7
13592,0
13593,2
13594,5
13595,4
13596,9
13597,8
13598,5
13599,9
13600,2
13601,0
13602,7
13603,7
13604,9
13605,3
13606,9
13607,8
13608,3
13609,7
13610,9
13611,2
13612,1
13613,9
13614,2
13615,4
13616,7
13617,7
13618,8
13619,5
13620,2
13621,9
13622,1
13623,1
13624,9
13625,1
13626,5
13627,0
13628,4
13629,6
13630,7
13631,8
13632,4
13633,9
13634,4
13635,7
13636,4
13637,4
13638,9
13639,5
13640,6
13641,8
13642,7
13643,0
13644,1
13645,3
13646,7
13647,0
13648,7
13649,5
13650,3
13651,1
13652,3
13653,6
13654,9
13655,2
13656,2
13657,2
13658,9
13659,1
13660,9
13661,7
13662,0
13663,6
13664,7
13665,7
13666,2
13667,7
13668,5
13669,6
13670,3
13671,9
13672,0
13673,1
13674,8
13675,6
13676,6
13677,5
13678,4
13679,9
13680,9
13681,9
13682,0
13683,1
13684,1
13685,8
13686,1
13687,4
13688,6
13689,4
13690,9
13691,9
13692,9
13693,9
13694,2
13695,4
13696,5
13697,4
13698,1
13699,9
13700,9
13701,6
13702,9
13703,2
13704,3
13705,6
13706,6
13707,4
13708,7
13709,0
13710,4
13711,9
13712,6
13713,6
13714,8
13715,0
13716,0
13717,6
13718,5
13719,7
13720,6
13721,3
13722,6
13723,6
13724,7
13725,8
13726,3
13727,2
13728,6
13729,1
13730,3
13731,6
13732,0
13733,6
13734,3
13735,8
13736,3
13737,0
13738,8
13739,3
13740,6
13741,5
13742,2
13743,9
13744,7
13745,5
13746,8
13747,8
13748,5
13749,9
13750,5
13751,5
13752,7
13753,3
13754,9
13755,6
13756,1
13757,3
13758,4
13759,7
13760,0
13761,4
13762,2
13763,1
13764,6
13765,8
13766,6
13767,0
13768,9
13769,3
13770,1
13771,7
13772,7
13773,3
13774,1
13775,7
13776,3
13777,1
13778,4
13779,0
13780,7
13781,8
13782,4
13783,6
13784,8
13785,2
13786,8
13787,6
13788,0
13789,1
13790,1
13791,3
13792,8
13793,8
13794,7
13795,9
13796,3
13797,8
13798,9
13799,4
13800,5
13801,1
13802,5
13803,8
13804,7
13805,5
13806,8
13807,2
13808,5
13809,2
13810,6
13811,1
13812,8
13813,3
13814,4
13815,9
13816,0
13817,9
13818,4
13819,0
13820,2
13821,5
13822,4
13823,7
13824,7
13825,6
13826,5
13827,1
13828,9
13829,1
13830,8
13831,7
13832,0
13833,6
13834,6
13835,9
13836,8
13837,7
13838,6
13839,1
13840,7
13841,2
13842,2
13843,9
13844,3
13845,3
13846,2
13847,2
13848,2
13849,0
13850,4
13851,6
13852,7
13853,5
13854,0
13855,6
13856,0
13857,4
13858,0
13859,0
13860,4
13861,3
13862,4
13863,8
13864,4
13865,9
13866,3
13867,5
13868,3
13869,8
13870,6
13871,9
13872,1
13873,8
13874,3
13875,7
13876,8
13877,4
13878,8
13879,3
13880,4
13881,8
13882,1
13883,9
13884,2
13885,1
13886,2
13887,4
13888,4
13889,7
13890,1
13891,4
13892,3
13893,6
13894,2
13895,9
13896,9
13897,0
13898,2
13899,1
13900,2
13901,0
13902,2
13903,2
13904,7
13905,3
13906,8
13907,2
13908,0
13909,9
13910,5
13911,5
13912,9
13913,9
13914,3
13915,5
13916,6
13917,9
13918,8
13919,5
13920,6
13921,5
13922,2
13923,1
13924,9
13925,1
13926,1
13927,0
13928,9
13929,7
13930,6
13931,0
13932,3
13933,1
13934,5
13935,5
13936,7
13937,0
13938,9
13939,9
13940,3
13941,8
13942,1
13943,8
13944,6
13945,4
13946,8
13947,0
13948,1
13949,5
13950,9
13951,9
13952,2
13953,8
13954,9
13955,3
13956,1
13957,3
13958,2
13959,1
13960,2
13961,3
13962,1
13963,3
13964,0
13965,1
13966,2
13967,6
13968,7
13969,7
13970,8
13971,3
13972,0
13973,2
13974,0
13975,2
13976,2
13977,5
13978,2
13979,5
13980,0
13981,4
13982,3
13983,6
13984,5
13985,1
13986,7
13987,3
13988,3
13989,7
13990,8
13991,8
13992,1
13993,9
13994,1
13995,4
13996,1
13997,5
13998,6
13999,0
14000,4
14001,0
14002,6
14003,4
14004,9
14005,6
14006,8
14007,5
14008,2
14009,6
14010,0
14011,3
14012,5
14013,1
14014,2
14015,1
14016,2
14017,7
14018,1
14019,5
14020,0
14021,8
14022,6
14023,1
14024,9
14025,7
14026,2
14027,8
14028,6
14029,7
14030,1
14031,7
14032,6
14033,9
14034,6
14035,6
14036,6
14037,3
14038,3
14039,4
14040,2
14041,4
14042,9
14043,3
14044,8
14045,9
14046,7
14047,0
14048,1
14049,6
14050,6
14051,1
14052,8
14053,8
14054,8
14055,1
14056,1
14057,0
14058,1
14059,8
14060,0
14061,2
14062,0
14063,3
14064,0
14065,1
14066,6
14067,8
14068,3
14069,9
14070,9
14071,5
14072,1
14073,4
14074,9
14075,6
14076,1
14077,1
14078,2
14079,1
14080,0
14081,2
14082,3
14083,4
14084,0
14085,5
14086,3
14087,9
14088,6
14089,4
14090,7
14091,8
14092,3
14093,0
14094,0
14095,8
14096,2
14097,8
14098,0
14099,2
14100,9
14101,2
14102,6
14103,5
14104,4
14105,8
14106,9
14107,5
14108,1
14109,6
14110,7
14111,8
14112,9
14113,2
14114,2
14115,9
14116,7
14117,1
14118,5
14119,8
14120,8
14121,2
14122,9
14123,5
14124,8
14125,3
14126,9
14127,4
14128,4
14129,4
14130,7
14131,1
14132,1
14133,2
14134,0
14135,6
14136,9
14137,8
14138,9
14139,1
14140,2
14141,0
14142,7
14143,9
14144,1
14145,2
14146,3
14147,4
14148,0
14149,6
14150,9
14151,4
14152,4
14153,4
14154,2
14155,3
14156,2
14157,8
14158,3
14159,6
14160,5
14161,4
14162,1
14163,2
14164,8
14165,5
14166,0
14167,9
14168,3
14169,6
14170,4
14171,7
14172,0
14173,2
14174,5
14175,5
14176,7
14177,6
14178,3
14179,4
14180,4
14181,5
14182,9
14183,6
14184,0
14185,3
14186,6
14187,0
14188,2
14189,8
14190,3
14191,7
14192,3
14193,6
14194,7
14195,8
14196,9
14197,5
14198,9
14199,3
14200,3
14201,1
14202,1
14203,7
14204,3
14205,1
14206,2
14207,4
14208,3
14209,4
14210,1
14211,2
14212,0
14213,5
14214,1
14215,5
14216,5
14217,1
14218,4
14219,9
14220,4
14221,9
14222,4
14223,7
14224,0
14225,5
14226,8
14227,2
14228,2
14229,6
14230,7
14231,0
14232,7
14233,1
14234,4
14235,6
14236,4
14237,5
14238,3
14239,8
14240,2
14241,0
14242,3
14243,6
14244,1
14245,3
14246,7
14247,3
14248,6
14249,2
14250,1
14251,9
14252,2
14253,5
14254,6
14255,8
14256,3
14257,0
14258,4
14259,1
14260,6
14261,4
14262,2
14263,9
14264,0
14265,6
14266,4
14267,9
14268,4
14269,6
14270,5
14271,6
14272,7
14273,2
14274,6
14275,7
14276,2
14277,5
14278,3
14279,7
14280,4
14281,6
14282,4
14283,7
14284,9
14285,4
14286,3
14287,8
14288,2
14289,8
14290,2
14291,2
14292,3
14293,0
14294,1
14295,1
14296,2
14297,5
14298,4
14299,3
14300,8
14301,7
14302,6
14303,6
14304,5
14305,0
14306,0
14307,7
14308,9
14309,3
14310,3
14311,8
14312,0
14313,7
14314,5
14315,4
14316,4
14317,0
14318,1
14319,2
14320,7
14321,0
14322,1
14323,3
14324,7
14325,6
14326,7
14327,7
14328,5
14329,5
14330,3
14331,3
14332,0
14333,0
14334,6
14335,7
14336,7
14337,8
14338,0
14339,3
14340,3
14341,1
14342,2
14343,5
14344,4
14345,6
14346,2
14347,3
14348,4
14349,7
14350,3
14351,3
14352,6
14353,9
14354,2
14355,9
14356,8
14357,9
14358,3
14359,1
14360,1
14361,6
14362,1
14363,0
14364,0
14365,8
14366,9
14367,0
14368,9
14369,7
14370,9
14371,5
14372,9
14373,2
14374,2
14375,0
14376,8
14377,3
14378,3
14379,9
14380,6
14381,6
14382,2
14383,4
14384,3
14385,2
14386,0
14387,6
14388,2
14389,6
14390,4
14391,8
14392,2
14393,8
14394,3
14395,9
14396,9
14397,2
14398,6
14399,7
14400,4
14401,7
14402,2
14403,2
14404,9
14405,3
14406,0
14407,9
14408,2
14409,6
14410,0
14411,7
14412,9
14413,3
14414,5
14415,3
14416,8
14417,5
14418,7
14419,4
14420,9
14421,3
14422,7
14423,3
14424,6
14425,5
14426,0
14427,3
14428,0
14429,4
14430,2
14431,4
14432,9
14433,9
14434,0
14435,4
14436,8
14437,3
14438,6
14439,3
14440,5
14441,1
14442,0
14443,2
14444,8
14445,4
14446,0
14447,9
14448,8
14449,7
14450,2
14451,0
14452,7
14453,3
14454,2
14455,5
14456,8
14457,0
14458,9
14459,7
14460,8
14461,5
14462,0
14463,7
14464,1
14465,6
14466,8
14467,4
14468,9
14469,9
14470,9
14471,8
14472,2
14473,5
14474,1
14475,5
14476,5
14477,5
14478,7
14479,5
14480,9
14481,7
14482,6
14483,2
14484,6
14485,5
14486,3
14487,7
14488,2
14489,2
14490,0
14491,2
14492,2
14493,8
14494,3
14495,1
14496,1
14497,3
14498,8
14499,4
14500,8
14501,9
14502,5
14503,4
14504,7
14505,3
14506,3
14507,4
14508,6
14509,4
14510,9
14511,8
14512,0
14513,9
14514,3
14515,7
14516,7
14517,3
14518,2
14519,7
14520,8
14521,8
14522,1
14523,4
14524,5
14525,3
14526,2
14527,0
14528,4
14529,0
14530,8
14531,4
14532,2
14533,8
14534,6
14535,1
14536,7
14537,1
14538,0
14539,4
14540,4
14541,4
14542,9
14543,6
14544,4
14545,6
14546,4
14547,8
14548,5
14549,5
14550,8
14551,3
14552,5
14553,4
14554,4
14555,2
14556,8
14557,8
14558,6
14559,9
14560,1
14561,0
14562,2
14563,1
14564,9
14565,2
14566,8
14567,6
14568,0
14569,2
14570,2
14571,7
14572,7
14573,1
14574,2
14575,6
14576,1
14577,6
14578,8
14579,7
14580,4
14581,7
14582,9
14583,8
14584,4
14585,1
14586,5
14587,1
14588,6
14589,2
14590,0
14591,9
14592,1
14593,1
14594,1
14595,8
14596,8
14597,7
14598,8
14599,5
14600,6
14601,3
14602,0
14603,1
14604,4
14605,3
14606,3
14607,3
14608,0
14609,8
14610,9
14611,0
14612,5
14613,9
14614,8
14615,3
14616,5
14617,0
14618,3
14619,8
14620,6
14621,7
14622,6
14623,4
14624,1
14625,5
14626,0
14627,3
14628,0
14629,7
14630,6
14631,2
14632,5
14633,8
14634,0
14635,6
14636,3
14637,0
14638,2
14639,5
14640,7
14641,1
14642,7
14643,9
14644,7
14645,8
14646,2
14647,2
14648,9
14649,7
14650,4
14651,4
14652,9
14653,1
14654,9
14655,6
14656,3
14657,8
14658,4
14659,5
14660,2
14661,2
14662,2
14663,5
14664,3
14665,1
14666,0
14667,6
14668,6
14669,7
14670,5
14671,8
14672,5
14673,2
14674,5
14675,2
14676,5
14677,9
14678,6
14679,2
14680,4
14681,2
14682,7
14683,5
14684,6
14685,3
14686,4
14687,8
14688,4
14689,6
14690,2
14691,7
14692,0
14693,6
14694,5
14695,7
14696,6
14697,5
14698,3
14699,7
14700,4
14701,6
14702,9
14703,2
14704,7
14705,6
14706,2
14707,0
14708,3
14709,8
14710,1
14711,6
14712,7
14713,7
14714,0
14715,6
14716,7
14717,1
14718,6
14719,5
14720,4
14721,1
14722,5
14723,7
14724,0
14725,3
14726,2
14727,4
14728,2
14729,5
14730,8
14731,6
14732,0
14733,0
14734,4
14735,4
14736,4
14737,2
14738,0
14739,0
14740,8
14741,6
14742,9
14743,3
14744,0
14745,5
14746,5
14747,0
14748,2
14749,0
14750,2
14751,0
14752,9
14753,0
14754,8
14755,7
14756,0
14757,0
14758,7
14759,3
14760,1
14761,4
14762,3
14763,2
14764,3
14765,3
14766,2
14767,0
14768,2
14769,9
14770,3
14771,5
14772,1
14773,7
14774,6
14775,0
14776,9
14777,2
14778,2
14779,3
14780,2
14781,7
14782,7
14783,9
14784,7
14785,7
14786,8
14787,4
14788,6
14789,4
14790,0
14791,3
14792,6
14793,0
14794,9
14795,2
14796,9
14797,8
14798,0
14799,9
14800,1
14801,7
14802,4
14803,5
14804,9
14805,7
14806,5
14807,1
14808,4
14809,6
14810,2
14811,3
14812,4
14813,9
14814,2
14815,1
14816,8
14817,1
14818,6
14819,3
14820,5
14821,4
14822,6
14823,8
14824,9
14825,7
14826,0
14827,5
14828,8
14829,4
14830,8
14831,3
14832,9
14833,1
14834,6
14835,8
14836,5
14837,3
14838,1
14839,0
14840,1
14841,4
14842,9
14843,6
14844,3
14845,8
14846,4
14847,3
14848,9
14849,8
14850,4
14851,6
14852,8
14853,7
14854,3
14855,1
14856,4
14857,8
14858,1
14859,7
14860,7
14861,9
14862,7
14863,8
14864,2
14865,6
14866,2
14867,1
14868,6
14869,2
14870,5
14871,4
14872,8
14873,6
14874,3
14875,7
14876,1
14877,8
14878,2
14879,4
14880,7
14881,2
14882,0
14883,8
14884,7
14885,8
14886,1
14887,2
14888,1
14889,6
14890,7
14891,2
14892,7
14893,0
14894,5
14895,5
14896,1
14897,5
14898,8
14899,7
14900,3
14901,6
14902,1
14903,9
14904,9
14905,1
14906,3
14907,2
14908,0
14909,4
14910,7
14911,4
14912,6
14913,2
14914,3
14915,3
14916,9
14917,5
14918,5
14919,9
14920,7
14921,8
14922,3
14923,4
14924,8
14925,1
14926,5
14927,3
14928,6
14929,0
14930,6
14931,4
14932,8
14933,2
14934,4
14935,5
14936,3
14937,8
14938,1
14939,6
14940,5
14941,9
14942,8
14943,5
14944,0
14945,0
14946,2
14947,5
14948,2
14949,9
14950,9
14951,6
14952,0
14953,2
14954,3
14955,7
14956,1
14957,3
14958,0
14959,2
14960,4
14961,9
14962,1
14963,1
14964,3
14965,3
14966,3
14967,2
14968,4
14969,0
14970,0
14971,0
14972,2
14973,3
14974,6
14975,1
14976,2
14977,7
14978,6
14979,2
14980,8
14981,9
14982,8
14983,8
14984,3
14985,7
14986,7
14987,5
14988,4
14989,3
14990,6
14991,2
14992,3
14993,6
14994,1
14995,7
14996,0
14997,9
14998,0
14999,9
15000,8
15001,6
15002,0
15003,1
15004,7
15005,6
15006,5
15007,6
15008,4
15009,4
15010,3
15011,2
15012,9
15013,1
15014,4
15015,1
15016,1
15017,2
15018,8
15019,5
15020,0
15021,1
15022,8
15023,3
15024,3
15025,9
15026,7
15027,9
15028,2
15029,8
15030,6
15031,1
15032,7
15033,8
15034,7
15035,3
15036,6
15037,8
15038,7
15039,1
15040,1
15041,8
15042,2
15043,3
15044,9
15045,6
15046,1
15047,4
15048,6
15049,6
15050,9
15051,9
15052,8
15053,9
15054,9
15055,0
15056,6
15057,0
15058,1
15059,9
15060,4
15061,3
15062,5
15063,2
15064,5
15065,0
15066,6
15067,5
15068,8
15069,5
15070,6
15071,3
15072,8
15073,8
15074,5
15075,1
15076,2
15077,2
15078,9
15079,0
15080,2
15081,5
15082,0
15083,8
15084,4
15085,7
15086,3
15087,4
15088,0
15089,9
15090,6
15091,2
15092,6
15093,0
15094,6
15095,8
15096,7
15097,0
15098,4
15099,2
15100,9
15101,3
15102,5
15103,9
15104,4
15105,8
15106,4
15107,4
15108,1
15109,9
15110,2
15111,1
15112,8
15113,9
15114,9
15115,2
15116,8
15117,7
15118,4
15119,5
15120,3
15121,2
15122,1
15123,3
15124,2
15125,7
15126,2
15127,8
15128,0
15129,5
15130,4
15131,3
15132,0
15133,2
15134,8
15135,4
15136,2
15137,0
15138,3
15139,7
15140,3
15141,7
15142,9
15143,2
15144,3
15145,1
15146,0
15147,8
15148,5
15149,2
15150,7
15151,6
15152,4
15153,1
15154,1
15155,6
15156,0
15157,4
15158,5
15159,0
15160,1
15161,2
15162,9
15163,3
15164,5
15165,2
15166,5
15167,7
15168,5
15169,9
15170,9
15171,5
15172,7
15173,8
15174,0
15175,9
15176,1
15177,8
15178,1
15179,3
15180,9
15181,5
15182,4
15183,9
15184,8
15185,5
15186,6
15187,8
15188,6
15189,3
15190,5
15191,7
15192,7
15193,9
15194,8
15195,1
15196,0
15197,7
15198,7
15199,8
15200,5
15201,1
15202,1
15203,2
15204,2
15205,2
15206,3
15207,2
15208,5
15209,9
15210,2
15211,0
15212,1
15213,4
15214,7
15215,9
15216,0
15217,3
15218,2
15219,5
15220,8
15221,0
15222,1
15223,3
15224,1
15225,5
15226,3
15227,0
15228,6
15229,7
15230,8
15231,2
15232,6
15233,5
15234,4
15235,7
15236,8
15237,5
15238,0
15239,7
15240,6
15241,1
15242,6
15243,4
15244,4
15245,0
15246,4
15247,5
15248,5
15249,6
15250,0
15251,7
15252,0
15253,0
15254,8
15255,9
15256,6
15257,6
15258,6
15259,5
15260,2
15261,3
15262,8
15263,2
15264,1
15265,8
15266,3
15267,2
15268,5
15269,5
15270,2
15271,8
15272,8
15273,6
15274,8
15275,4
15276,6
15277,8
15278,5
15279,7
15280,1
15281,6
15282,8
15283,0
15284,4
15285,4
15286,6
15287,8
15288,0
15289,7
15290,1
15291,5
15292,4
15293,5
15294,7
15295,4
15296,9
15297,6
15298,4
15299,9
15300,0
15301,7
15302,8
15303,0
15304,9
15305,0
15306,9
15307,0
15308,0
15309,7
15310,6
15311,4
15312,9
15313,7
15314,9
15315,3
15316,0
15317,0
15318,0
15319,1
15320,9
15321,8
15322,6
15323,1
15324,4
15325,0
15326,2
15327,3
15328,0
15329,2
15330,2
15331,2
15332,6
15333,5
15334,3
15335,6
15336,8
15337,9
15338,1
15339,7
15340,1
15341,3
15342,4
15343,3
15344,3
15345,8
15346,7
15347,6
15348,1
15349,6
15350,1
15351,9
15352,7
15353,3
15354,5
15355,9
15356,0
15357,4
15358,6
15359,2
15360,6
15361,5
15362,7
15363,9
15364,6
15365,4
15366,7
15367,3
15368,4
15369,8
15370,8
15371,8
15372,7
15373,1
15374,3
15375,8
15376,1
15377,0
15378,6
15379,3
15380,7
15381,9
15382,4
15383,9
15384,4
15385,0
15386,4
15387,2
15388,5
15389,4
15390,1
15391,0
15392,3
15393,9
15394,1
15395,0
15396,1
15397,3
15398,2
15399,5
15400,5
15401,9
15402,2
15403,5
15404,9
15405,5
15406,5
15407,2
15408,0
15409,3
15410,4
15411,7
15412,1
15413,1
15414,7
15415,9
15416,0
15417,4
15418,8
15419,3
15420,2
15421,8
15422,2
15423,2
15424,6
15425,8
15426,1
15427,9
15428,9
15429,9
15430,6
15431,9
15432,1
15433,0
15434,6
15435,8
15436,9
15437,8
15438,3
15439,3
15440,1
15441,5
15442,5
15443,6
15444,6
15445,0
15446,9
15447,1
15448,4
15449,1
15450,2
15451,3
15452,3
15453,5
15454,8
15455,6
15456,3
15457,4
15458,8
15459,8
15460,8
15461,1
15462,6
15463,9
15464,3
15465,2
15466,2
15467,4
15468,4
15469,8
15470,0
15471,6
15472,2
15473,8
15474,2
15475,6
15476,0
15477,6
15478,2
15479,3
15480,1
15481,4
15482,2
15483,0
15484,9
15485,1
15486,0
15487,0
15488,7
15489,5
15490,6
15491,2
15492,3
15493,4
15494,8
15495,1
15496,6
15497,8
15498,9
15499,1
15500,0
15501,8
15502,9
15503,3
15504,7
15505,8
15506,6
15507,4
15508,6
15509,8
15510,5
15511,5
15512,6
15513,0
15514,2
15515,2
15516,4
15517,5
15518,2
15519,1
15520,5
15521,4
15522,2
15523,1
15524,7
15525,4
15526,2
15527,8
15528,3
15529,8
15530,2
15531,0
15532,2
15533,3
15534,3
15535,9
15536,8
15537,1
15538,4
15539,3
15540,9
15541,6
15542,4
15543,5
15544,0
15545,0
15546,9
15547,7
15548,5
15549,8
15550,7
15551,2
15552,8
15553,6
15554,7
15555,8
15556,7
15557,1
15558,1
15559,9
15560,2
15561,5
15562,3
15563,4
15564,4
15565,2
15566,6
15567,7
15568,5
15569,4
15570,2
15571,8
15572,2
15573,6
15574,3
15575,2
15576,7
15577,6
15578,9
15579,7
15580,8
15581,5
15582,2
15583,5
15584,2
15585,5
15586,5
15587,5
15588,4
15589,2
15590,5
15591,7
15592,7
15593,9
15594,6
15595,4
15596,6
15597,2
15598,9
15599,4
15600,9
15601,5
15602,2
15603,6
15604,2
15605,6
15606,7
15607,4
15608,0
15609,0
15610,2
15611,1
15612,4
15613,7
15614,3
15615,4
15616,4
15617,7
15618,5
15619,9
15620,9
15621,4
15622,7
15623,8
15624,9
15625,3
15626,0
15627,5
15628,7
15629,7
15630,4
15631,5
15632,7
15633,1
15634,7
15635,1
15636,2
15637,7
15638,6
15639,4
15640,9
15641,9
15642,8
15643,2
15644,8
15645,3
15646,3
15647,1
15648,2
15649,8
15650,9
15651,4
15652,7
15653,9
15654,8
15655,4
15656,0
15657,6
15658,2
15659,6
15660,9
15661,8
15662,0
15663,2
15664,7
15665,2
15666,0
15667,9
15668,7
15669,2
15670,6
15671,6
15672,1
15673,3
15674,2
15675,6
15676,7
15677,6
15678,7
15679,7
15680,5
15681,2
15682,4
15683,9
15684,6
15685,1
15686,6
15687,3
15688,4
15689,3
15690,2
15691,7
15692,2
15693,0
15694,5
15695,9
15696,6
15697,7
15698,7
15699,2
15700,4
15701,2
15702,4
15703,9
15704,1
15705,6
15706,9
15707,5
15708,3
15709,2
15710,3
15711,4
15712,3
15713,6
15714,0
15715,8
15716,0
15717,8
15718,7
15719,4
15720,4
15721,0
15722,3
15723,6
15724,4
15725,8
15726,1
15727,7
15728,2
15729,2
15730,4
15731,5
15732,4
15733,7
15734,1
15735,3
15736,1
15737,1
15738,9
15739,9
15740,7
15741,7
15742,6
15743,1
15744,8
15745,9
15746,7
15747,6
15748,2
15749,9
15750,9
15751,5
15752,1
15753,2
15754,9
15755,6
15756,5
15757,4
15758,1
15759,2
15760,4
15761,1
15762,4
15763,4
15764,3
15765,2
15766,1
15767,1
15768,3
15769,9
15770,2
15771,4
15772,6
15773,6
15774,9
15775,9
15776,4
15777,3
15778,0
15779,3
15780,8
15781,2
15782,9
15783,9
15784,3
15785,8
15786,3
15787,7
15788,0
15789,0
15790,8
15791,7
15792,7
15793,7
15794,3
15795,5
15796,1
15797,5
15798,1
15799,0
15800,2
15801,9
15802,4
15803,9
15804,8
15805,5
15806,7
15807,9
15808,7
15809,7
15810,3
15811,2
15812,7
15813,3
15814,6
15815,2
15816,3
15817,7
15818,2
15819,2
15820,5
15821,5
15822,2
15823,0
15824,6
15825,9
15826,6
15827,8
15828,4
15829,2
15830,8
15831,5
15832,1
15833,6
15834,6
15835,8
15836,9
15837,3
15838,0
15839,8
15840,5
15841,4
15842,6
15843,3
15844,6
15845,5
15846,7
15847,2
15848,9
15849,5
15850,5
15851,6
15852,4
15853,2
15854,0
15855,9
15856,7
15857,4
15858,1
15859,0
15860,7
15861,9
15862,0
15863,5
15864,5
15865,6
15866,5
15867,7
15868,3
15869,8
15870,1
15871,8
15872,3
15873,6
15874,9
15875,1
15876,7
15877,7
15878,9
15879,2
15880,9
15881,6
15882,2
15883,6
15884,7
15885,5
15886,8
15887,1
15888,5
15889,7
15890,9
15891,6
15892,0
15893,5
15894,4
15895,7
15896,7
15897,4
15898,4
15899,6
15900,9
15901,3
15902,1
15903,8
15904,8
15905,8
15906,7
15907,5
15908,4
15909,2
15910,5
15911,3
15912,1
15913,2
15914,6
15915,6
15916,8
15917,4
15918,5
15919,5
15920,3
15921,8
15922,5
15923,3
15924,5
15925,9
15926,7
15927,7
15928,3
15929,3
15930,3
15931,5
15932,9
15933,0
15934,5
15935,4
15936,7
15937,0
15938,6
15939,8
15940,2
15941,5
15942,7
15943,6
15944,4
15945,0
15946,4
15947,3
15948,8
15949,2
15950,2
15951,2
15952,5
15953,7
15954,7
15955,6
15956,4
15957,9
15958,3
15959,9
15960,0
15961,2
15962,9
15963,8
15964,0
15965,2
15966,7
15967,6
15968,3
15969,0
15970,1
15971,9
15972,3
15973,1
15974,2
15975,7
15976,3
15977,5
15978,3
15979,3
15980,3
15981,3
15982,0
15983,4
15984,4
15985,5
15986,0
15987,6
15988,9
15989,4
15990,2
15991,0
15992,4
15993,2
15994,4
15995,3
15996,9
15997,5
15998,3
15999,0
16000,0
16001,7
16002,6
16003,5
16004,5
16005,0
16006,3
16007,9
16008,2
16009,5
16010,8
16011,3
16012,3
16013,9
16014,7
16015,0
16016,4
16017,7
16018,4
16019,2
16020,3
16021,7
16022,7
16023,0
16024,5
16025,7
16026,0
16027,3
16028,2
16029,1
16030,2
16031,8
16032,1
16033,0
16034,9
16035,2
16036,9
16037,5
16038,5
16039,6
16040,2
16041,5
16042,4
16043,1
16044,7
16045,6
16046,2
16047,2
16048,2
16049,2
16050,3
16051,5
16052,0
16053,2
16054,2
16055,8
16056,9
16057,5
16058,8
16059,6
16060,3
16061,0
16062,1
16063,9
16064,4
16065,1
16066,3
16067,1
16068,1
16069,4
16070,4
16071,1
16072,4
16073,8
16074,6
16075,8
16076,1
16077,8
16078,2
16079,9
16080,6
16081,6
16082,0
16083,5
16084,3
16085,1
16086,3
16087,7
16088,5
16089,3
16090,7
16091,2
16092,8
16093,5
16094,2
16095,8
16096,5
16097,4
16098,1
16099,3
16100,7
16101,4
16102,0
16103,5
16104,2
16105,8
16106,4
16107,8
16108,5
16109,5
16110,8
16111,9
16112,0
16113,3
16114,3
16115,1
16116,1
16117,4
16118,4
16119,5
16120,1
16121,1
16122,9
16123,2
16124,0
16125,4
16126,7
16127,2
16128,9
16129,1
16130,4
16131,5
16132,5
16133,7
16134,8
16135,7
16136,2
16137,8
16138,9
16139,3
16140,7
16141,4
16142,8
16143,3
16144,3
16145,2
16146,1
16147,3
16148,6
16149,5
16150,3
16151,6
16152,6
16153,2
16154,3
16155,3
16156,2
16157,6
16158,5
16159,4
16160,6
16161,1
16162,5
16163,6
16164,9
16165,9
16166,6
16167,4
16168,0
16169,3
16170,5
16171,4
16172,5
16173,6
16174,7
16175,9
16176,3
16177,0
16178,0
16179,9
16180,3
16181,9
16182,1
16183,5
16184,6
16185,9
16186,6
16187,6
16188,7
16189,8
16190,9
16191,0
16192,1
16193,2
16194,6
16195,9
16196,2
16197,2
16198,3
16199,6
16200,7
16201,9
16202,3
16203,9
16204,7
16205,6
16206,0
16207,0
16208,3
16209,1
16210,7
16211,2
16212,1
16213,2
16214,5
16215,3
16216,4
16217,7
16218,5
16219,1
16220,1
16221,2
16222,2
16223,4
16224,1
16225,1
16226,8
16227,2
16228,4
16229,2
16230,9
16231,5
16232,9
16233,0
16234,5
16235,1
16236,2
16237,0
16238,8
16239,8
16240,0
16241,8
16242,4
16243,1
16244,9
16245,1
16246,9
16247,7
16248,7
16249,2
16250,1
16251,9
16252,7
16253,8
16254,2
16255,3
16256,2
16257,9
16258,0
16259,0
16260,6
16261,3
16262,0
16263,5
16264,4
16265,8
16266,8
16267,5
16268,5
16269,0
16270,2
16271,5
16272,4
16273,5
16274,3
16275,3
16276,9
16277,1
16278,3
16279,8
16280,7
16281,5
16282,4
16283,3
16284,9
16285,0
16286,6
16287,6
16288,5
16289,9
16290,4
16291,1
16292,2
16293,3
16294,8
16295,2
16296,9
16297,7
16298,4
16299,8
16300,9
16301,8
16302,5
16303,1
16304,6
16305,1
16306,2
16307,2
16308,4
16309,8
16310,1
16311,7
16312,9
16313,8
16314,9
16315,2
16316,3
16317,8
16318,1
16319,0
16320,6
16321,7
16322,9
16323,7
16324,8
16325,2
16326,0
16327,0
16328,7
16329,6
16330,0
16331,7
16332,7
16333,7
16334,7
16335,7
16336,5
16337,2
16338,6
16339,9
16340,7
16341,2
16342,2
16343,1
16344,2
16345,4
16346,1
16347,8
16348,1
16349,4
16350,1
16351,0
16352,2
16353,5
16354,3
16355,8
16356,5
16357,5
16358,0
16359,8
16360,9
16361,5
16362,9
16363,9
16364,7
16365,8
16366,2
16367,2
16368,7
16369,2
16370,2
16371,4
16372,8
16373,3
16374,3
16375,5
16376,9
16377,5
16378,2
16379,5
16380,0
16381,3
16382,9
16383,0
16384,3
16385,9
16386,7
16387,1
16388,1
16389,4
16390,9
16391,8
16392,7
16393,9
16394,7
16395,8
16396,3
16397,2
16398,7
16399,1
16400,6
16401,4
16402,5
16403,0
16404,8
16405,7
16406,2
16407,9
16408,7
16409,8
16410,0
16411,7
16412,3
16413,8
16414,9
16415,4
16416,2
16417,2
16418,4
16419,2
16420,0
16421,7
16422,9
16423,1
16424,7
16425,1
16426,6
16427,9
16428,2
16429,6
16430,6
16431,3
16432,3
16433,6
16434,3
16435,6
16436,4
16437,9
16438,2
16439,4
16440,1
16441,6
16442,0
16443,2
16444,3
16445,4
16446,8
16447,3
16448,6
16449,0
16450,8
16451,0
16452,6
16453,2
16454,5
16455,2
16456,2
16457,2
16458,1
16459,4
16460,8
16461,6
16462,9
16463,1
16464,0
16465,8
16466,4
16467,9
16468,8
16469,8
16470,4
16471,0
16472,2
16473,6
16474,4
16475,8
16476,0
16477,2
16478,4
16479,6
16480,7
16481,7
16482,2
16483,2
16484,9
16485,8
16486,8
16487,5
16488,6
16489,2
16490,9
16491,1
16492,6
16493,6
16494,7
16495,7
16496,1
16497,2
16498,4
16499,7
16500,9
16501,6
16502,1
16503,9
16504,6
16505,2
16506,7
16507,5
16508,6
16509,7
16510,7
16511,1
16512,2
16513,2
16514,1
16515,9
16516,6
16517,3
16518,9
16519,7
16520,6
16521,2
16522,5
16523,6
16524,7
16525,8
16526,4
16527,3
16528,2
16529,7
16530,5
16531,7
16532,9
16533,9
16534,9
16535,2
16536,2
16537,4
16538,7
16539,1
16540,8
16541,6
16542,4
16543,2
16544,5
16545,9
16546,9
16547,6
16548,0
16549,2
16550,0
16551,1
16552,1
16553,8
16554,3
16555,0
16556,5
16557,2
16558,5
16559,8
16560,1
16561,0
16562,6
16563,3
16564,9
16565,8
16566,0
16567,6
16568,2
16569,8
16570,9
16571,4
16572,1
16573,5
16574,4
16575,0
16576,0
16577,5
16578,1
16579,8
16580,4
16581,4
16582,7
16583,9
16584,2
16585,8
16586,1
16587,6
16588,6
16589,3
16590,6
16591,3
16592,1
16593,1
16594,7
16595,6
16596,6
16597,4
16598,0
16599,0
16600,7
16601,9
16602,0
16603,4
16604,5
16605,5
16606,3
16607,5
16608,8
16609,0
16610,1
16611,7
16612,7
16613,8
16614,3
16615,2
16616,0
16617,2
16618,0
16619,6
16620,3
16621,4
16622,1
16623,7
16624,0
16625,1
16626,8
16627,8
16628,1
16629,5
16630,7
16631,4
16632,2
16633,7
16634,0
16635,3
16636,2
16637,9
16638,3
16639,9
16640,1
16641,4
16642,0
16643,9
16644,1
16645,1
16646,0
16647,2
16648,0
16649,6
16650,0
16651,6
16652,8
16653,3
16654,9
16655,3
16656,7
16657,2
16658,2
16659,0
16660,9
16661,7
16662,4
16663,9
16664,6
16665,3
16666,9
16667,8
16668,8
16669,8
16670,3
16671,4
16672,7
16673,6
16674,4
16675,9
16676,7
16677,9
16678,4
16679,9
16680,2
16681,6
16682,4
16683,3
16684,6
16685,4
16686,6
16687,9
16688,3
16689,8
16690,4
16691,2
16692,8
16693,2
16694,8
16695,2
16696,1
16697,9
16698,1
16699,8
16700,9
16701,5
16702,1
16703,2
16704,6
16705,9
16706,3
16707,7
16708,5
16709,5
16710,5
16711,4
16712,9
16713,8
16714,4
16715,0
16716,9
16717,1
16718,3
16719,2
16720,5
16721,5
16722,3
16723,0
16724,4
16725,7
16726,8
16727,5
16728,4
16729,3
16730,6
16731,7
16732,2
16733,1
16734,8
16735,5
16736,3
16737,5
16738,3
16739,8
16740,3
16741,0
16742,5
16743,8
16744,5
16745,0
16746,3
16747,7
16748,0
16749,2
16750,6
16751,7
16752,1
16753,5
16754,3
16755,3
16756,2
16757,7
16758,3
16759,4
16760,3
16761,5
16762,4
16763,3
16764,6
16765,9
16766,4
16767,9
16768,2
16769,1
16770,9
16771,1
16772,8
16773,7
16774,4
16775,3
16776,5
16777,2
16778,0
16779,8
16780,5
16781,2
16782,9
16783,3
16784,5
16785,0
16786,1
16787,7
16788,2
16789,7
16790,7
16791,3
16792,9
16793,7
16794,0
16795,3
16796,1
16797,1
16798,9
16799,6
16800,1
16801,3
16802,9
16803,6
16804,0
16805,7
16806,1
16807,3
16808,6
16809,4
16810,8
16811,3
16812,1
16813,7
16814,5
16815,2
16816,2
16817,8
16818,2
16819,3
16820,6
16821,3
16822,5
16823,2
16824,8
16825,6
16826,6
16827,2
16828,6
16829,9
16830,7
16831,2
16832,8
16833,6
16834,5
16835,1
16836,3
16837,4
16838,3
16839,2
16840,3
16841,2
16842,5
16843,7
16844,0
16845,0
16846,0
16847,9
16848,0
16849,3
16850,6
16851,2
16852,4
16853,3
16854,9
16855,2
16856,5
16857,7
16858,7
16859,7
16860,5
16861,7
16862,6
16863,2
16864,8
16865,8
16866,4
16867,2
16868,5
16869,3
16870,0
16871,7
16872,0
16873,3
16874,4
16875,6
16876,3
16877,1
16878,8
16879,3
16880,6
16881,2
16882,0
16883,4
16884,1
16885,1
16886,9
16887,9
16888,9
16889,2
16890,2
16891,8
16892,9
16893,5
16894,3
16895,3
16896,2
16897,7
16898,0
16899,7
16900,6
16901,8
16902,8
16903,7
16904,3
16905,6
16906,0
16907,2
16908,2
16909,2
16910,8
16911,1
16912,7
16913,7
16914,6
16915,9
16916,1
16917,1
16918,6
16919,6
16920,4
16921,1
16922,7
16923,4
16924,1
16925,0
16926,1
16927,8
16928,6
16929,9
16930,7
16931,4
16932,3
16933,6
16934,2
16935,5
16936,3
16937,1
16938,3
16939,2
16940,1
16941,4
16942,7
16943,9
16944,7
16945,3
16946,2
16947,7
16948,8
16949,2
16950,0
16951,0
16952,6
16953,5
16954,1
16955,0
16956,7
16957,8
16958,7
16959,4
16960,9
16961,5
16962,3
16963,5
16964,1
16965,7
16966,6
16967,3
16968,9
16969,9
16970,8
16971,4
16972,0
16973,3
16974,0
16975,4
16976,0
16977,8
16978,2
16979,5
16980,3
16981,9
16982,8
16983,3
16984,1
16985,5
16986,1
16987,0
16988,7
16989,8
16990,4
16991,8
16992,0
16993,5
16994,0
16995,5
16996,7
16997,9
16998,4
16999,9
17000,4
17001,9
17002,1
17003,2
17004,6
17005,8
17006,5
17007,0
17008,2
17009,1
17010,3
17011,0
17012,3
17013,5
17014,9
17015,9
17016,0
17017,3
17018,8
17019,4
17020,6
17021,9
17022,9
17023,6
17024,9
17025,7
17026,3
17027,2
17028,9
17029,3
17030,6
17031,4
17032,4
17033,2
17034,1
17035,8
17036,4
17037,5
17038,8
17039,9
17040,6
17041,2
17042,5
17043,2
17044,3
17045,8
17046,4
17047,4
17048,2
17049,7
17050,2
17051,5
17052,6
17053,0
17054,8
17055,2
17056,9
17057,5
17058,0
17059,9
17060,8
17061,3
17062,3
17063,7
17064,0
17065,4
17066,5
17067,5
17068,6
17069,1
17070,0
17071,1
17072,7
17073,9
17074,5
17075,8
17076,1
17077,6
17078,3
17079,2
17080,6
17081,7
17082,6
17083,8
17084,0
17085,4
17086,9
17087,3
17088,3
17089,5
17090,1
17091,6
17092,4
17093,6
17094,8
17095,5
17096,1
17097,1
17098,6
17099,8
17100,5
17101,2
17102,9
17103,6
17104,1
17105,0
17106,9
17107,6
17108,3
17109,5
17110,9
17111,8
17112,4
17113,2
17114,1
17115,6
17116,1
17117,7
17118,7
17119,1
17120,1
17121,2
17122,7
17123,8
17124,7
17125,5
17126,6
17127,1
17128,0
17129,5
17130,2
17131,3
17132,5
17133,1
17134,8
17135,9
17136,2
17137,8
17138,7
17139,3
17140,3
17141,9
17142,5
17143,2
17144,6
17145,3
17146,9
17147,3
17148,8
17149,6
17150,7
17151,7
17152,1
17153,1
17154,6
17155,6
17156,3
17157,7
17158,0
17159,3
17160,0
17161,3
17162,5
17163,5
17164,6
17165,2
17166,6
17167,9
17168,6
17169,7
17170,9
17171,3
17172,0
17173,8
17174,1
17175,3
17176,6
17177,4
17178,6
17179,1
17180,0
17181,3
17182,8
17183,7
17184,2
17185,5
17186,0
17187,3
17188,1
17189,5
17190,8
17191,2
17192,9
17193,6
17194,6
17195,6
17196,4
17197,7
17198,1
17199,4
17200,9
17201,1
17202,5
17203,9
17204,8
17205,0
17206,1
17207,7
17208,7
17209,4
17210,6
17211,6
17212,3
17213,4
17214,7
17215,0
17216,9
17217,0
17218,0
17219,3
17220,6
17221,8
17222,6
17223,2
17224,5
17225,2
17226,9
17227,1
17228,6
17229,5
17230,1
17231,4
17232,8
17233,4
17234,3
17235,8
17236,7
17237,5
17238,0
17239,3
17240,3
17241,4
17242,3
17243,4
17244,2
17245,5
17246,7
17247,9
17248,7
17249,2
17250,6
17251,0
17252,3
17253,3
17254,3
17255,7
17256,0
17257,3
17258,3
17259,0
17260,4
17261,1
17262,9
17263,4
17264,5
17265,1
17266,3
17267,7
17268,6
17269,1
17270,6
17271,9
17272,1
17273,1
17274,5
17275,9
17276,7
17277,6
17278,1
17279,7
17280,5
17281,7
17282,8
17283,5
17284,7
17285,9
17286,6
17287,5
17288,3
17289,7
17290,0
17291,9
17292,9
17293,1
17294,7
17295,5
17296,5
17297,6
17298,8
17299,2
17300,2
17301,7
17302,8
17303,9
17304,3
17305,7
17306,7
17307,1
17308,4
17309,1
17310,7
17311,7
17312,3
17313,6
17314,1
17315,0
17316,7
17317,5
17318,1
17319,3
17320,1
17321,7
17322,8
17323,3
17324,2
17325,2
17326,8
17327,8
17328,7
17329,6
17330,1
17331,5
17332,4
17333,3
17334,9
17335,3
17336,8
17337,1
17338,6
17339,4
17340,7
17341,9
17342,0
17343,3
17344,6
17345,8
17346,2
17347,7
17348,8
17349,7
17350,8
17351,8
17352,4
17353,7
17354,5
17355,1
17356,1
17357,6
17358,4
17359,8
17360,7
17361,7
17362,3
17363,3
17364,7
17365,7
17366,9
17367,8
17368,0
17369,1
17370,5
17371,4
17372,5
17373,6
17374,9
17375,8
17376,5
17377,6
17378,8
17379,4
17380,1
17381,2
17382,2
17383,5
17384,5
17385,0
17386,7
17387,1
17388,0
17389,7
17390,8
17391,5
17392,4
17393,0
17394,0
17395,6
17396,0
17397,3
17398,6
17399,2
17400,4
17401,8
17402,7
17403,7
17404,0
17405,4
17406,1
17407,1
17408,2
17409,0
17410,7
17411,2
17412,4
17413,9
17414,0
17415,9
17416,1
17417,2
17418,1
17419,5
17420,2
17421,8
17422,9
17423,9
17424,1
17425,4
17426,7
17427,8
17428,0
17429,3
17430,3
17431,1
17432,8
17433,3
17434,1
17435,5
17436,0
17437,9
17438,9
17439,1
17440,5
17441,0
17442,5
17443,0
17444,0
17445,7
17446,8
17447,3
17448,7
17449,3
17450,2
17451,9
17452,3
17453,3
17454,6
17455,0
17456,7
17457,5
17458,9
17459,2
17460,2
17461,5
17462,7
17463,9
17464,2
17465,8
17466,5
17467,2
17468,9
17469,0
17470,0
17471,4
17472,8
17473,4
17474,8
17475,0
17476,4
17477,5
17478,9
17479,2
17480,9
17481,4
17482,3
17483,2
17484,0
17485,9
17486,7
17487,8
17488,4
17489,6
17490,5
17491,9
17492,4
17493,1
17494,8
17495,9
17496,4
17497,1
17498,5
17499,7
17500,5
17501,1
17502,9
17503,7
17504,2
17505,1
17506,0
17507,4
17508,9
17509,6
17510,4
17511,2
17512,9
17513,9
17514,1
17515,6
17516,0
17517,4
17518,1
17519,1
17520,4
17521,4
17522,2
17523,7
17524,5
17525,5
17526,1
17527,7
17528,9
17529,4
17530,7
17531,7
17532,6
17533,5
17534,8
17535,8
17536,9
17537,6
17538,0
17539,4
17540,7
17541,9
17542,9
17543,8
17544,9
17545,7
17546,5
17547,6
17548,4
17549,5
17550,6
17551,6
17552,1
17553,6
17554,0
17555,3
17556,9
17557,5
17558,5
17559,3
17560,8
17561,1
17562,7
17563,6
17564,9
17565,5
17566,8
17567,2
17568,3
17569,8
17570,4
17571,6
17572,3
17573,9
17574,4
17575,4
17576,3
17577,8
17578,0
17579,5
17580,8
17581,4
17582,8
17583,5
17584,4
17585,8
17586,3
17587,3
17588,7
17589,7
17590,5
17591,1
17592,0
17593,3
17594,5
17595,6
17596,3
17597,7
17598,3
17599,9
17600,4
17601,8
17602,6
17603,0
17604,0
17605,5
17606,4
17607,3
17608,5
17609,1
17610,1
17611,0
17612,4
17613,3
17614,0
17615,4
17616,0
17617,8
17618,9
17619,8
17620,1
17621,5
17622,8
17623,5
17624,2
17625,3
17626,4
17627,0
17628,2
17629,8
17630,7
17631,5
17632,7
17633,3
17634,5
17635,0
17636,0
17637,5
17638,5
17639,9
17640,5
17641,6
17642,0
17643,6
17644,0
17645,1
17646,5
17647,2
17648,9
17649,3
17650,0
17651,5
17652,1
17653,2
17654,7
17655,1
17656,1
17657,1
17658,3
17659,3
17660,0
17661,8
17662,2
17663,0
17664,2
17665,7
17666,4
17667,5
17668,2
17669,7
17670,8
17671,0
17672,4
17673,9
17674,3
17675,1
17676,8
17677,0
17678,2
17679,6
17680,8
17681,0
17682,8
17683,5
17684,3
17685,2
17686,3
17687,8
17688,2
17689,3
17690,3
17691,4
17692,8
17693,6
17694,2
17695,1
17696,8
17697,7
17698,6
17699,0
17700,6
17701,8
17702,4
17703,1
17704,6
17705,5
17706,8
17707,6
17708,6
17709,2
17710,7
17711,8
17712,2
17713,8
17714,6
17715,4
17716,4
17717,0
17718,1
17719,5
17720,8
17721,6
17722,7
17723,0
17724,7
17725,5
17726,5
17727,1
17728,4
17729,1
17730,0
17731,2
17732,6
17733,6
17734,7
17735,2
17736,9
17737,1
17738,3
17739,9
17740,2
17741,5
17742,0
17743,5
17744,5
17745,8
17746,4
17747,1
17748,2
17749,7
17750,6
17751,7
17752,3
17753,5
17754,1
17755,2
17756,6
17757,1
17758,4
17759,6
17760,3
17761,5
17762,0
17763,8
17764,2
17765,9
17766,6
17767,4
17768,9
17769,1
17770,1
17771,4
17772,1
17773,5
17774,8
17775,1
17776,4
17777,3
17778,8
17779,7
17780,7
17781,2
17782,2
17783,6
17784,1
17785,2
17786,2
17787,9
17788,4
17789,1
17790,3
17791,2
17792,3
17793,9
17794,7
17795,1
17796,1
17797,4
17798,5
17799,8
17800,3
17801,8
17802,6
17803,7
17804,1
17805,2
17806,6
17807,4
17808,7
17809,8
17810,1
17811,3
17812,6
17813,0
17814,5
17815,2
17816,0
17817,3
17818,3
17819,7
17820,4
17821,4
17822,7
17823,2
17824,0
17825,9
17826,8
17827,5
17828,3
17829,9
17830,5
17831,3
17832,7
17833,3
17834,7
17835,3
17836,0
17837,4
17838,2
17839,5
17840,8
17841,4
17842,3
17843,4
17844,2
17845,5
17846,2
17847,1
17848,1
17849,2
17850,9
17851,5
17852,8
17853,5
17854,0
17855,9
17856,8
17857,0
17858,8
17859,1
17860,6
17861,4
17862,0
17863,0
17864,4
17865,1
17866,7
17867,1
17868,4
17869,8
17870,8
17871,0
17872,9
17873,8
17874,3
17875,6
17876,8
17877,0
17878,3
17879,4
17880,2
17881,3
17882,5
17883,2
17884,0
17885,1
17886,5
17887,8
17888,4
17889,0
17890,7
17891,0
17892,3
17893,9
17894,4
17895,1
17896,1
17897,8
17898,4
17899,8
17900,3
17901,3
17902,0
17903,6
17904,5
17905,0
17906,3
17907,1
17908,2
17909,2
17910,2
17911,8
17912,8
17913,3
17914,9
17915,8
17916,1
17917,8
17918,6
17919,5
17920,9
17921,3
17922,6
17923,2
17924,8
17925,5
17926,0
17927,1
17928,3
17929,8
17930,9
17931,0
17932,1
17933,6
17934,0
17935,4
17936,3
17937,8
17938,6
17939,7
17940,2
17941,1
17942,0
17943,1
17944,3
17945,5
17946,5
17947,2
17948,4
17949,1
17950,8
17951,0
17952,7
17953,4
17954,5
17955,9
17956,2
17957,4
17958,7
17959,2
17960,3
17961,0
17962,1
17963,3
17964,3
17965,3
17966,5
17967,7
17968,2
17969,3
17970,3
17971,7
17972,2
17973,0
17974,1
17975,6
17976,2
17977,4
17978,1
17979,1
17980,7
17981,9
17982,6
17983,4
17984,3
17985,8
17986,3
17987,8
17988,2
17989,0
17990,1
17991,3
17992,8
17993,2
17994,4
17995,9
17996,1
17997,7
17998,1
17999,8
18000,9
18001,7
18002,5
18003,1
18004,8
18005,4
18006,2
18007,6
18008,1
18009,8
18010,3
18011,6
18012,0
18013,5
18014,0
18015,9
18016,3
18017,9
18018,7
18019,9
18020,8
18021,9
18022,0
18023,0
18024,4
18025,8
18026,1
18027,9
18028,0
18029,2
18030,6
18031,1
18032,6
18033,6
18034,6
18035,9
18036,0
18037,4
18038,3
18039,6
18040,3
18041,8
18042,7
18043,9
18044,1
18045,7
18046,9
18047,0
18048,2
18049,8
18050,6
18051,5
18052,9
18053,0
18054,7
18055,6
18056,6
18057,9
18058,8
18059,2
18060,4
18061,4
18062,2
18063,8
18064,2
18065,6
18066,8
18067,1
18068,4
18069,5
18070,6
18071,9
18072,9
18073,7
18074,0
18075,8
18076,2
18077,5
18078,4
18079,7
18080,8
18081,2
18082,0
18083,5
18084,2
18085,4
18086,4
18087,9
18088,0
18089,9
18090,1
18091,9
18092,4
18093,8
18094,2
18095,8
18096,1
18097,0
18098,3
18099,2
18100,0
18101,1
18102,4
18103,0
18104,3
18105,8
18106,5
18107,9
18108,5
18109,4
18110,2
18111,1
18112,7
18113,7
18114,4
18115,0
18116,5
18117,2
18118,5
18119,9
18120,9
18121,2
18122,8
18123,9
18124,4
18125,5
18126,0
18127,6
18128,2
18129,1
18130,2
18131,2
18132,5
18133,7
18134,2
18135,1
18136,1
18137,7
18138,5
18139,5
18140,1
18141,1
18142,9
18143,1
18144,2
18145,4
18146,3
18147,9
18148,8
18149,9
18150,3
18151,8
18152,7
18153,1
18154,1
18155,3
18156,8
18157,2
18158,1
18159,8
18160,9
18161,1
18162,7
18163,7
18164,6
18165,0
18166,6
18167,1
18168,8
18169,2
18170,6
18171,5
18172,6
18173,8
18174,4
18175,4
18176,7
18177,2
18178,7
18179,2
18180,2
18181,6
18182,2
18183,6
18184,0
18185,1
18186,8
18187,1
18188,9
18189,5
18190,3
18191,7
18192,4
18193,0
18194,8
18195,1
18196,5
18197,3
18198,7
18199,0
18200,9
18201,9
18202,3
18203,1
18204,1
18205,8
18206,5
18207,4
18208,3
18209,7
18210,6
18211,6
18212,9
18213,9
18214,8
18215,0
18216,1
18217,5
18218,9
18219,5
18220,7
18221,8
18222,3
18223,8
18224,5
18225,6
18226,6
18227,0
18228,3
18229,6
18230,2
18231,6
18232,4
18233,3
18234,8
18235,5
18236,4
18237,6
18238,1
18239,6
18240,1
18241,7
18242,6
18243,8
18244,0
18245,8
18246,4
18247,3
18248,3
18249,5
18250,4
18251,8
18252,4
18253,6
18254,8
18255,4
18256,0
18257,1
18258,8
18259,8
18260,5
18261,7
18262,1
18263,9
18264,4
18265,8
18266,5
18267,7
18268,1
18269,9
18270,3
18271,0
18272,4
18273,6
18274,0
18275,2
18276,8
18277,6
18278,7
18279,1
18280,5
18281,1
18282,2
18283,6
18284,6
18285,2
18286,5
18287,1
18288,2
18289,3
18290,4
18291,5
18292,2
18293,3
18294,2
18295,9
18296,4
18297,0
18298,0
18299,6
18300,2
18301,2
18302,3
18303,3
18304,3
18305,9
18306,5
18307,5
18308,7
18309,3
18310,5
18311,2
18312,5
18313,3
18314,3
18315,5
18316,5
18317,5
18318,6
18319,2
18320,6
18321,6
18322,9
18323,7
18324,9
18325,0
18326,6
18327,0
18328,6
18329,5
18330,4
18331,2
18332,7
18333,5
18334,8
18335,7
18336,8
18337,2
18338,2
18339,5
18340,0
18341,4
18342,6
18343,8
18344,2
18345,4
18346,1
18347,3
18348,2
18349,4
18350,3
18351,7
18352,6
18353,3
18354,0
18355,5
18356,9
18357,7
18358,0
18359,0
18360,8
18361,6
18362,5
18363,7
18364,6
18365,6
18366,6
18367,2
18368,8
18369,7
18370,4
18371,2
18372,9
18373,6
18374,6
18375,1
18376,2
18377,8
18378,5
18379,9
18380,0
18381,1
18382,8
18383,9
18384,2
18385,7
18386,1
18387,4
18388,0
18389,0
18390,8
18391,6
18392,3
18393,7
18394,6
18395,4
18396,0
18397,4
18398,5
18399,9
18400,2
18401,3
18402,6
18403,7
18404,1
18405,0
18406,9
18407,1
18408,2
18409,0
18410,5
18411,1
18412,7
18413,2
18414,1
18415,3
18416,0
18417,1
18418,8
18419,1
18420,0
18421,9
18422,6
18423,0
18424,3
18425,6
18426,6
18427,7
18428,2
18429,1
18430,3
18431,4
18432,2
18433,3
18434,4
18435,2
18436,8
18437,3
18438,2
18439,8
18440,2
18441,6
18442,1
18443,6
18444,3
18445,4
18446,1
18447,2
18448,3
18449,5
18450,3
18451,0
18452,3
18453,9
18454,3
18455,9
18456,5
18457,2
18458,5
18459,5
18460,1
18461,0
18462,3
18463,1
18464,2
18465,3
18466,9
18467,5
18468,8
18469,2
18470,5
18471,9
18472,5
18473,2
18474,7
18475,0
18476,4
18477,4
18478,5
18479,7
18480,0
18481,8
18482,7
18483,0
18484,4
18485,2
18486,2
18487,6
18488,0
18489,4
18490,2
18491,1
18492,4
18493,5
18494,5
18495,5
18496,7
18497,5
18498,8
18499,4
18500,7
18501,5
18502,4
18503,5
18504,2
18505,2
18506,0
18507,9
18508,1
18509,1
18510,7
18511,7
18512,6
18513,3
18514,2
18515,1
18516,4
18517,8
18518,9
18519,7
18520,2
18521,4
18522,0
18523,8
18524,8
18525,2
18526,4
18527,5
18528,0
18529,3
18530,4
18531,2
18532,5
18533,5
18534,8
18535,4
18536,7
18537,8
18538,1
18539,5
18540,2
18541,8
18542,4
18543,3
18544,1
18545,8
18546,2
18547,9
18548,6
18549,5
18550,8
18551,3
18552,6
18553,3
18554,2
18555,0
18556,4
18557,2
18558,7
18559,1
18560,8
18561,3
18562,2
18563,4
18564,2
18565,8
18566,5
18567,1
18568,3
18569,7
18570,4
18571,4
18572,0
18573,2
18574,0
18575,4
18576,1
18577,3
18578,5
18579,7
18580,5
18581,1
18582,4
18583,7
18584,5
18585,2
18586,1
18587,6
18588,9
18589,5
18590,4
18591,8
18592,4
18593,3
18594,4
18595,8
18596,1
18597,5
18598,7
18599,9
18600,0
18601,2
18602,0
18603,1
18604,4
18605,4
18606,9
18607,2
18608,5
18609,5
18610,2
18611,2
18612,2
18613,8
18614,9
18615,5
18616,2
18617,4
18618,3
18619,6
18620,8
18621,3
18622,6
18623,1
18624,2
18625,9
18626,8
18627,2
18628,5
18629,4
18630,9
18631,5
18632,4
18633,7
18634,8
18635,3
18636,2
18637,4
18638,9
18639,1
18640,4
18641,4
18642,3
18643,6
18644,1
18645,2
18646,0
18647,6
18648,8
18649,8
18650,5
18651,5
18652,3
18653,0
18654,6
18655,8
18656,6
18657,1
18658,7
18659,9
18660,1
18661,2
18662,4
18663,5
18664,0
18665,6
18666,1
18667,6
18668,6
18669,0
18670,4
18671,7
18672,6
18673,0
18674,8
18675,7
18676,1
18677,0
18678,8
18679,1
18680,2
18681,6
18682,3
18683,5
18684,2
18685,4
18686,1
18687,0
18688,8
18689,8
18690,8
18691,4
18692,1
18693,9
18694,7
18695,5
18696,6
18697,4
18698,8
18699,0
18700,3
18701,2
18702,7
18703,8
18704,1
18705,1
18706,6
18707,2
18708,5
18709,2
18710,5
18711,8
18712,2
18713,2
18714,8
18715,7
18716,3
18717,9
18718,6
18719,4
18720,2
18721,1
18722,3
18723,3
18724,6
18725,1
18726,4
18727,8
18728,7
18729,0
18730,2
18731,2
18732,8
18733,9
18734,0
18735,5
18736,8
18737,2
18738,3
18739,1
18740,3
18741,7
18742,7
18743,0
18744,1
18745,7
18746,1
18747,8
18748,9
18749,6
18750,5
18751,2
18752,7
18753,9
18754,4
18755,4
18756,3
18757,1
18758,5
18759,9
18760,1
18761,4
18762,5
18763,9
18764,7
18765,8
18766,0
18767,8
18768,8
18769,0
18770,3
18771,4
18772,8
18773,5
18774,5
18775,0
18776,7
18777,3
18778,4
18779,9
18780,9
18781,8
18782,9
18783,0
18784,6
18785,7
18786,3
18787,5
18788,6
18789,2
18790,9
18791,1
18792,2
18793,9
18794,8
18795,6
18796,1
18797,9
18798,3
18799,7
18800,4
18801,2
18802,4
18803,5
18804,0
18805,5
18806,7
18807,3
18808,9
18809,9
18810,8
18811,0
18812,1
18813,4
18814,6
18815,4
18816,9
18817,9
18818,6
18819,6
18820,6
18821,8
18822,2
18823,1
18824,5
18825,3
18826,6
18827,0
18828,9
18829,6
18830,0
18831,1
18832,7
18833,6
18834,8
18835,1
18836,5
18837,0
18838,2
18839,1
18840,4
18841,5
18842,9
18843,3
18844,8
18845,2
18846,4
18847,6
18848,2
18849,6
18850,3
18851,4
18852,4
18853,8
18854,3
18855,1
18856,5
18857,9
18858,5
18859,2
18860,7
18861,1
18862,1
18863,8
18864,8
18865,0
18866,1
18867,1
18868,2
18869,7
18870,1
18871,7
18872,8
18873,4
18874,2
18875,6
18876,4
18877,5
18878,6
18879,1
18880,5
18881,3
18882,9
18883,7
18884,3
18885,5
18886,8
18887,7
18888,8
18889,1
18890,6
18891,5
18892,5
18893,1
18894,1
18895,7
18896,6
18897,7
18898,2
18899,9
18900,4
18901,6
18902,3
18903,9
18904,0
18905,4
18906,3
18907,7
18908,0
18909,9
18910,5
18911,6
18912,6
18913,3
18914,3
18915,1
18916,3
18917,0
18918,1
18919,2
18920,3
18921,6
18922,9
18923,5
18924,7
18925,1
18926,2
18927,1
18928,9
18929,8
18930,8
18931,4
18932,2
18933,2
18934,3
18935,3
18936,8
18937,5
18938,0
18939,8
18940,5
18941,2
18942,5
18943,8
18944,7
18945,0
18946,3
18947,0
18948,2
18949,6
18950,1
18951,0
18952,9
18953,6
18954,0
18955,2
18956,5
18957,6
18958,1
18959,4
18960,7
18961,3
18962,5
18963,4
18964,6
18965,1
18966,8
18967,9
18968,5
18969,8
18970,3
18971,1
18972,7
18973,6
18974,8
18975,9
18976,6
18977,5
18978,3
18979,6
18980,7
18981,8
18982,8
18983,5
18984,6
18985,1
18986,5
18987,5
18988,0
18989,5
18990,5
18991,1
18992,6
18993,1
18994,6
18995,5
18996,4
18997,9
18998,1
18999,7
19000,4
19001,2
19002,7
19003,7
19004,4
19005,8
19006,4
19007,3
19008,7
19009,5
19010,8
19011,7
19012,9
19013,9
19014,5
19015,2
19016,2
19017,8
19018,8
19019,2
19020,6
19021,9
19022,7
19023,6
19024,8
19025,2
19026,5
19027,1
19028,6
19029,3
19030,8
19031,2
19032,0
19033,2
19034,1
19035,9
19036,7
19037,9
19038,1
19039,9
19040,2
19041,9
19042,3
19043,9
19044,7
19045,1
19046,6
19047,4
19048,5
19049,1
19050,6
19051,1
19052,7
19053,3
19054,3
19055,1
19056,4
19057,3
19058,8
19059,6
19060,4
19061,7
19062,5
19063,2
19064,0
19065,4
19066,9
19067,7
19068,9
19069,7
19070,5
19071,3
19072,6
19073,1
19074,6
19075,6
19076,4
19077,4
19078,9
19079,3
19080,5
19081,6
19082,8
19083,9
19084,2
19085,6
19086,9
19087,8
19088,9
19089,4
19090,2
19091,4
19092,9
19093,5
19094,5
19095,0
19096,3
19097,8
19098,5
19099,1
19100,4
19101,6
19102,5
19103,8
19104,0
19105,7
19106,6
19107,2
19108,5
19109,9
19110,1
19111,6
19112,2
19113,0
19114,4
19115,1
19116,0
19117,0
19118,4
19119,3
19120,8
19121,7
19122,4
19123,4
19124,5
19125,7
19126,1
19127,8
19128,4
19129,7
19130,6
19131,1
19132,0
19133,4
19134,5
19135,2
19136,3
19137,8
19138,9
19139,9
19140,8
19141,5
19142,9
19143,1
19144,2
19145,6
19146,3
19147,7
19148,4
19149,3
19150,3
19151,2
19152,2
19153,9
19154,7
19155,2
19156,0
19157,3
19158,6
19159,3
19160,8
19161,4
19162,4
19163,6
19164,0
19165,9
19166,1
19167,9
19168,6
19169,6
19170,1
19171,6
19172,5
19173,0
19174,8
19175,7
19176,8
19177,1
19178,0
19179,1
19180,3
19181,3
19182,3
19183,5
19184,3
19185,2
19186,2
19187,5
19188,7
19189,9
19190,4
19191,1
19192,0
19193,1
19194,0
19195,2
19196,9
19197,8
19198,2
19199,2
19200,8
19201,2
19202,9
19203,1
19204,8
19205,3
19206,9
19207,6
19208,9
19209,5
19210,1
19211,7
19212,2
19213,5
19214,3
19215,5
19216,1
19217,1
19218,2
19219,4
19220,5
19221,2
19222,6
19223,1
19224,6
19225,6
19226,2
19227,4
19228,4
19229,0
19230,0
19231,6
19232,3
19233,2
19234,7
19235,6
19236,3
19237,2
19238,7
19239,4
19240,0
19241,6
19242,2
19243,2
19244,9
19245,0
19246,4
19247,4
19248,3
19249,6
19250,4
19251,0
19252,8
19253,8
19254,2
19255,6
19256,6
19257,6
19258,0
19259,0
19260,2
19261,0
19262,4
19263,2
19264,1
19265,7
19266,5
19267,5
19268,1
19269,3
19270,1
19271,4
19272,4
19273,5
19274,8
19275,0
19276,1
19277,3
19278,0
19279,3
19280,2
19281,5
19282,5
19283,8
19284,7
19285,6
19286,6
19287,4
19288,3
19289,6
19290,3
19291,2
19292,9
19293,3
19294,1
19295,6
19296,6
19297,6
19298,3
19299,9
19300,3
19301,0
19302,3
19303,5
19304,3
19305,5
19306,7
19307,4
19308,7
19309,0
19310,5
19311,0
19312,6
19313,2
19314,7
19315,6
19316,5
19317,8
19318,8
19319,8
19320,4
19321,5
19322,2
19323,3
19324,4
19325,5
19326,8
19327,8
19328,3
19329,6
19330,4
19331,4
19332,6
19333,3
19334,9
19335,1
19336,1
19337,4
19338,3
19339,5
19340,3
19341,3
19342,1
19343,6
19344,9
19345,1
19346,5
19347,5
19348,5
19349,8
19350,2
19351,9
19352,1
19353,1
19354,3
19355,3
19356,9
19357,6
19358,8
19359,1
19360,0
19361,0
19362,3
19363,1
19364,9
19365,5
19366,5
19367,1
19368,0
19369,3
19370,0
19371,1
19372,6
19373,5
19374,1
19375,0
19376,1
19377,5
19378,2
19379,1
19380,9
19381,3
19382,6
19383,2
19384,7
19385,9
19386,7
19387,8
19388,4
19389,9
19390,1
19391,8
19392,7
19393,7
19394,4
19395,0
19396,0
19397,3
19398,5
19399,7
19400,3
19401,9
19402,8
19403,1
19404,0
19405,1
19406,6
19407,4
19408,7
19409,8
19410,1
19411,0
19412,4
19413,0
19414,5
19415,4
19416,7
19417,5
19418,1
19419,9
19420,1
19421,2
19422,7
19423,1
19424,5
19425,7
19426,2
19427,8
19428,1
19429,3
19430,6
19431,7
19432,5
19433,6
19434,0
19435,2
19436,2
19437,8
19438,4
19439,4
19440,8
19441,9
19442,6
19443,2
19444,8
19445,8
19446,9
19447,6
19448,2
19449,3
19450,1
19451,6
19452,1
19453,1
19454,2
19455,5
19456,2
19457,6
19458,0
19459,1
19460,2
19461,7
19462,3
19463,4
19464,9
19465,1
19466,0
19467,0
19468,0
19469,0
19470,4
19471,0
19472,8
19473,7
19474,5
19475,1
19476,5
19477,4
19478,0
19479,2
19480,8
19481,9
19482,7
19483,1
19484,9
19485,0
19486,8
19487,1
19488,0
19489,1
19490,4
19491,4
19492,8
19493,9
19494,5
19495,6
19496,9
19497,8
19498,7
19499,1
19500,8
19501,3
19502,2
19503,1
19504,2
19505,5
19506,6
19507,7
19508,9
19509,0
19510,1
19511,6
19512,2
19513,4
19514,9
19515,7
19516,2
19517,0
19518,2
19519,1
19520,8
19521,3
19522,4
19523,3
19524,5
19525,5
19526,5
19527,0
19528,9
19529,4
19530,6
19531,7
19532,2
19533,5
19534,0
19535,6
19536,2
19537,4
19538,4
19539,3
19540,9
19541,3
19542,9
19543,5
19544,2
19545,9
19546,9
19547,1
19548,7
19549,8
19550,4
19551,9
19552,0
19553,8
19554,1
19555,3
19556,4
19557,7
19558,1
19559,6
19560,8
19561,5
19562,1
19563,2
19564,0
19565,4
19566,8
19567,4
19568,7
19569,0
19570,2
19571,5
19572,7
19573,7
19574,8
19575,9
19576,1
19577,2
19578,5
19579,7
19580,2
19581,5
19582,2
19583,6
19584,4
19585,0
19586,7
19587,0
19588,3
19589,7
19590,2
19591,4
19592,4
19593,4
19594,1
19595,8
19596,5
19597,5
19598,9
19599,7
19600,5
19601,7
19602,2
19603,9
19604,9
19605,5
19606,1
19607,7
19608,4
19609,3
19610,5
19611,0
19612,7
19613,7
19614,1
19615,5
19616,0
19617,3
19618,3
19619,4
19620,5
19621,0
19622,6
19623,8
19624,0
19625,6
19626,7
19627,6
19628,4
19629,9
19630,2
19631,9
19632,8
19633,7
19634,2
19635,8
19636,2
19637,6
19638,1
19639,1
19640,2
19641,2
19642,7
19643,0
19644,2
19645,8
19646,6
19647,5
19648,5
19649,0
19650,9
19651,1
19652,7
19653,3
19654,3
19655,0
19656,2
19657,5
19658,4
19659,1
19660,2
19661,6
19662,7
19663,0
19664,6
19665,6
19666,4
19667,6
19668,2
19669,3
19670,2
19671,7
19672,8
19673,6
19674,3
19675,3
19676,2
19677,0
19678,9
19679,1
19680,3
19681,6
19682,8
19683,6
19684,8
19685,1
19686,4
19687,4
19688,9
19689,0
19690,2
19691,0
19692,1
19693,1
19694,2
19695,8
19696,7
19697,6
19698,8
19699,6
19700,4
19701,3
19702,2
19703,0
19704,8
19705,6
19706,0
19707,2
19708,3
19709,3
19710,7
19711,5
19712,9
19713,7
19714,1
19715,1
19716,6
19717,0
19718,5
19719,9
19720,6
19721,1
19722,2
19723,8
19724,1
19725,5
19726,4
19727,2
19728,5
19729,9
19730,4
19731,7
19732,2
19733,1
19734,1
19735,8
19736,2
19737,5
19738,8
19739,2
19740,5
19741,2
19742,9
19743,7
19744,3
19745,5
19746,6
19747,6
19748,1
19749,5
19750,4
19751,4
19752,9
19753,3
19754,3
19755,8
19756,5
19757,6
19758,3
19759,0
19760,5
19761,9
19762,7
19763,8
19764,3
19765,6
19766,9
19767,2
19768,6
19769,4
19770,1
19771,9
19772,4
19773,3
19774,2
19775,9
19776,7
19777,2
19778,9
19779,0
19780,7
19781,0
19782,8
19783,6
19784,6
19785,9
19786,6
19787,9
19788,5
19789,3
19790,5
19791,9
19792,0
19793,4
19794,3
19795,4
19796,1
19797,2
19798,6
19799,3
19800,7
19801,8
19802,7
19803,3
19804,3
19805,4
19806,3
19807,5
19808,6
19809,4
19810,8
19811,0
19812,9
19813,2
19814,3
19815,4
19816,9
19817,9
19818,0
19819,9
19820,5
19821,2
19822,2
19823,4
19824,6
19825,1
19826,0
19827,2
19828,8
19829,3
19830,8
19831,6
19832,8
19833,2
19834,0
19835,0
19836,0
19837,2
19838,5
19839,4
19840,2
19841,5
19842,1
19843,7
19844,9
19845,8
19846,8
19847,4
19848,7
19849,8
19850,5
19851,9
19852,8
19853,8
19854,9
19855,5
19856,9
19857,4
19858,1
19859,8
19860,8
19861,4
19862,0
19863,5
19864,7
19865,1
19866,0
19867,5
19868,8
19869,6
19870,6
19871,3
19872,5
19873,6
19874,5
19875,2
19876,1
19877,9
19878,4
19879,1
19880,6
19881,2
19882,8
19883,5
19884,5
19885,3
19886,5
19887,3
19888,1
19889,1
19890,0
19891,4
19892,9
19893,1
19894,2
19895,1
19896,1
19897,5
19898,0
19899,2
19900,9
19901,5
19902,5
19903,8
19904,2
19905,8
19906,4
19907,5
19908,5
19909,0
19910,7
19911,7
19912,7
19913,9
19914,1
19915,6
19916,3
19917,5
19918,6
19919,4
19920,1
19921,5
19922,7
19923,2
19924,1
19925,7
19926,8
19927,9
19928,8
19929,5
19930,1
19931,4
19932,4
19933,3
19934,7
19935,1
19936,3
19937,6
19938,0
19939,9
19940,2
19941,1
19942,0
19943,6
19944,7
19945,8
19946,3
19947,8
19948,7
19949,6
19950,7
19951,9
19952,6
19953,8
19954,4
19955,9
19956,1
19957,7
19958,4
19959,0
19960,9
19961,2
19962,9
19963,6
19964,0
19965,4
19966,9
19967,5
19968,9
19969,3
19970,6
19971,9
19972,4
19973,7
19974,0
19975,6
19976,6
19977,4
19978,9
19979,4
19980,3
19981,1
19982,5
19983,3
19984,8
19985,2
19986,2
19987,5
19988,1
19989,2
19990,7
19991,9
19992,1
19993,4
19994,3
19995,1
19996,1
19997,9
19998,6
19999,4
20000,2
20001,0
20002,3
20003,9
20004,6
20005,4
20006,5
20007,0
20008,8
20009,0
20010,4
20011,5
20012,0
20013,6
20014,7
20015,6
20016,6
20017,9
20018,9
20019,6
20020,9
20021,9
20022,4
20023,4
20024,9
20025,1
20026,7
20027,0
20028,9
20029,8
20030,9
20031,6
20032,9
20033,1
20034,0
20035,6
20036,0
20037,0
20038,9
20039,2
20040,7
20041,7
20042,0
20043,2
20044,2
20045,2
20046,8
20047,5
20048,2
20049,0
20050,0
20051,1
20052,6
20053,0
20054,6
20055,1
20056,1
20057,9
20058,3
20059,9
20060,6
20061,2
20062,6
20063,1
20064,0
20065,3
20066,3
20067,5
20068,3
20069,2
20070,4
20071,4
20072,9
20073,8
20074,9
20075,5
20076,2
20077,8
20078,0
20079,0
20080,4
20081,4
20082,7
20083,0
20084,6
20085,7
20086,8
20087,6
20088,1
20089,5
20090,1
20091,4
20092,5
20093,8
20094,5
20095,9
20096,1
20097,0
20098,5
20099,9
20100,4
20101,6
20102,2
20103,7
20104,1
20105,1
20106,3
20107,9
20108,7
20109,3
20110,7
20111,0
20112,7
20113,6
20114,1
20115,2
20116,9
20117,1
20118,9
20119,6
20120,0
20121,1
20122,1
20123,5
20124,5
20125,8
20126,1
20127,9
20128,3
20129,2
20130,0
20131,2
20132,5
20133,5
20134,4
20135,5
20136,5
20137,2
20138,3
20139,2
20140,3
20141,8
20142,9
20143,1
20144,2
20145,4
20146,0
20147,4
20148,6
20149,9
20150,0
20151,8
20152,9
20153,2
20154,9
20155,2
20156,2
20157,6
20158,8
20159,5
20160,6
20161,3
20162,7
20163,2
20164,6
20165,9
20166,2
20167,0
20168,6
20169,2
20170,6
20171,2
20172,7
20173,4
20174,5
20175,1
20176,7
20177,5
20178,1
20179,7
20180,5
20181,9
20182,4
20183,5
20184,0
20185,1
20186,1
20187,8
20188,9
20189,0
20190,9
20191,9
20192,0
20193,1
20194,1
20195,3
20196,7
20197,7
20198,3
20199,9
20200,1
20201,2
20202,1
20203,3
20204,2
20205,9
20206,3
20207,3
20208,3
20209,5
20210,4
20211,2
20212,7
20213,8
20214,3
20215,3
20216,0
20217,6
20218,6
20219,7
20220,3
20221,1
20222,6
20223,9
20224,6
20225,6
20226,1
20227,8
20228,6
20229,5
20230,2
20231,6
20232,2
20233,3
20234,9
20235,1
20236,2
20237,6
20238,3
20239,1
20240,6
20241,0
20242,7
20243,0
20244,7
20245,2
20246,7
20247,1
20248,2
20249,0
20250,8
20251,7
20252,2
20253,0
20254,1
20255,6
20256,9
20257,3
20258,0
20259,8
20260,2
20261,3
20262,4
20263,2
20264,6
20265,4
20266,2
20267,4
20268,3
20269,5
20270,7
20271,2
20272,2
20273,1
20274,7
20275,0
20276,3
20277,6
20278,5
20279,8
20280,3
20281,3
20282,4
20283,8
20284,7
20285,8
20286,2
20287,7
20288,3
20289,6
20290,2
20291,0
20292,8
20293,7
20294,1
20295,2
20296,7
20297,2
20298,5
20299,9
20300,9
20301,4
20302,1
20303,9
20304,7
20305,1
20306,9
20307,4
20308,7
20309,7
20310,3
20311,7
20312,4
20313,5
20314,1
20315,5
20316,9
20317,7
20318,5
20319,4
20320,9
20321,7
20322,3
20323,3
20324,9
20325,9
20326,3
20327,5
20328,2
20329,7
20330,0
20331,3
20332,6
20333,9
20334,9
20335,7
20336,2
20337,1
20338,3
20339,1
20340,8
20341,6
20342,5
20343,9
20344,0
20345,5
20346,6
20347,9
20348,7
20349,3
20350,9
20351,7
20352,3
20353,7
20354,5
20355,9
20356,1
20357,0
20358,8
20359,3
20360,8
20361,2
20362,2
20363,7
20364,8
20365,5
20366,0
20367,8
20368,9
20369,1
20370,6
20371,9
20372,5
20373,2
20374,9
20375,8
20376,0
20377,3
20378,9
20379,1
20380,1
20381,1
20382,6
20383,9
20384,5
20385,5
20386,2
20387,5
20388,8
20389,5
20390,9
20391,4
20392,7
20393,9
20394,6
20395,3
20396,8
20397,5
20398,8
20399,6
20400,0
20401,3
20402,5
20403,7
20404,4
20405,3
20406,7
20407,4
20408,5
20409,2
20410,8
20411,5
20412,8
20413,0
20414,5
20415,7
20416,5
20417,9
20418,1
20419,5
20420,6
20421,4
20422,6
20423,3
20424,0
20425,3
20426,1
20427,8
20428,1
20429,0
20430,6
20431,5
20432,3
20433,3
20434,8
20435,5
20436,0
20437,9
20438,6
20439,4
20440,1
20441,7
20442,5
20443,6
20444,7
20445,3
20446,1
20447,0
20448,4
20449,7
20450,6
20451,4
20452,8
20453,6
20454,4
20455,3
20456,3
20457,8
20458,6
20459,8
20460,0
20461,2
20462,3
20463,9
20464,6
20465,8
20466,8
20467,8
20468,7
20469,1
20470,1
20471,7
20472,0
20473,8
20474,1
20475,2
20476,5
20477,2
20478,0
20479,0
20480,8
20481,2
20482,1
20483,0
20484,4
20485,9
20486,0
20487,7
20488,9
20489,6
20490,5
20491,2
20492,9
20493,6
20494,8
20495,1
20496,8
20497,0
20498,1
20499,2
20500,6
20501,0
20502,3
20503,7
20504,7
20505,3
20506,8
20507,9
20508,9
20509,7
20510,8
20511,9
20512,3
20513,9
20514,4
20515,3
20516,4
20517,4
20518,8
20519,1
20520,9
20521,1
20522,9
20523,8
20524,3
20525,7
20526,5
20527,1
20528,2
20529,2
20530,7
20531,0
20532,6
20533,6
20534,9
20535,2
20536,9
20537,5
20538,7
20539,8
20540,8
20541,0
20542,7
20543,2
20544,6
20545,1
20546,4
20547,1
20548,8
20549,2
20550,4
20551,3
20552,3
20553,6
20554,6
20555,6
20556,1
20557,8
20558,7
20559,8
20560,3
20561,8
20562,8
20563,6
20564,3
20565,7
20566,9
20567,2
20568,0
20569,3
20570,7
20571,2
20572,9
20573,4
20574,5
20575,4
20576,3
20577,5
20578,5
20579,7
20580,8
20581,9
20582,8
20583,9
20584,5
20585,7
20586,6
20587,8
20588,0
20589,6
20590,0
20591,3
20592,6
20593,0
20594,8
20595,8
20596,3
20597,7
20598,8
20599,5
20600,9
20601,6
20602,9
20603,7
20604,9
20605,3
20606,0
20607,9
20608,6
20609,3
20610,1
20611,8
20612,5
20613,1
20614,7
20615,5
20616,0
20617,8
20618,6
20619,3
20620,2
20621,3
20622,7
20623,5
20624,0
20625,9
20626,0
20627,4
20628,9
20629,9
20630,7
20631,6
20632,4
20633,5
20634,9
20635,5
20636,5
20637,9
20638,3
20639,6
20640,6
20641,9
20642,9
20643,6
20644,0
20645,7
20646,5
20647,2
20648,1
20649,7
20650,6
20651,5
20652,0
20653,0
20654,1
20655,6
20656,2
20657,2
20658,3
20659,4
20660,9
20661,5
20662,3
20663,1
20664,5
20665,2
20666,2
20667,3
20668,0
20669,3
20670,6
20671,4
20672,1
20673,8
20674,9
20675,3
20676,5
20677,2
20678,1
20679,7
20680,0
20681,7
20682,4
20683,4
20684,3
20685,7
20686,3
20687,5
20688,6
20689,4
20690,2
20691,6
20692,0
20693,7
20694,4
20695,8
20696,2
20697,5
20698,5
20699,3
20700,8
20701,9
20702,8
20703,8
20704,6
20705,3
20706,7
20707,3
20708,3
20709,1
20710,6
20711,0
20712,0
20713,7
20714,0
20715,8
20716,4
20717,9
20718,3
20719,1
20720,2
20721,1
20722,2
20723,5
20724,1
20725,0
20726,6
20727,0
20728,1
20729,2
20730,8
20731,1
20732,3
20733,0
20734,4
20735,4
20736,3
20737,2
20738,6
20739,9
20740,4
20741,7
20742,2
20743,9
20744,9
20745,8
20746,5
20747,7
20748,1
20749,1
20750,7
20751,7
20752,2
20753,0
20754,1
20755,4
20756,5
20757,8
20758,8
20759,9
20760,6
20761,9
20762,4
20763,0
20764,3
20765,2
20766,2
20767,7
20768,4
20769,8
20770,6
20771,0
20772,0
20773,2
20774,0
20775,6
20776,3
20777,8
20778,0
20779,9
20780,6
20781,1
20782,1
20783,1
20784,5
20785,3
20786,6
20787,1
20788,0
20789,0
20790,6
20791,5
20792,8
20793,7
20794,6
20795,6
20796,8
20797,1
20798,3
20799,8
20800,4
20801,7
20802,8
20803,0
20804,6
20805,3
20806,6
20807,8
20808,9
20809,2
20810,1
20811,9
20812,2
20813,5
20814,7
20815,7
20816,9
20817,8
20818,8
20819,5
20820,3
20821,1
20822,0
20823,7
20824,7
20825,1
20826,4
20827,4
20828,1
20829,3
20830,8
20831,8
20832,9
20833,2
20834,0
20835,8
20836,7
20837,0
20838,2
20839,9
20840,5
20841,3
20842,4
20843,9
20844,7
20845,0
20846,2
20847,7
20848,9
20849,8
20850,0
20851,5
20852,4
20853,0
20854,3
20855,2
20856,4
20857,2
20858,2
20859,3
20860,6
20861,8
20862,8
20863,3
20864,4
20865,9
20866,6
20867,5
20868,2
20869,9
20870,0
20871,0
20872,3
20873,1
20874,2
20875,3
20876,4
20877,3
20878,1
20879,1
20880,2
20881,2
20882,6
20883,1
20884,2
20885,0
20886,9
20887,8
20888,0
20889,3
20890,1
20891,3
20892,8
20893,7
20894,5
20895,9
20896,0
20897,3
20898,7
20899,5
20900,8
20901,0
20902,4
20903,5
20904,5
20905,2
20906,0
20907,5
20908,0
20909,5
20910,7
20911,2
20912,9
20913,0
20914,6
20915,0
20916,0
20917,3
20918,1
20919,0
20920,2
20921,2
20922,9
20923,8
20924,2
20925,0
20926,5
20927,7
20928,0
20929,9
20930,6
20931,5
20932,7
20933,4
20934,0
20935,4
20936,2
20937,7
20938,9
20939,2
20940,0
20941,0
20942,3
20943,5
20944,5
20945,4
20946,6
20947,0
20948,2
20949,6
20950,9
20951,3
20952,7
20953,5
20954,4
20955,4
20956,3
20957,4
20958,0
20959,7
20960,5
20961,9
20962,2
20963,1
20964,3
20965,5
20966,7
20967,8
20968,6
20969,5
20970,9
20971,2
20972,6
20973,8
20974,0
20975,4
20976,1
20977,0
20978,0
20979,4
20980,2
20981,7
20982,3
20983,4
20984,4
20985,8
20986,0
20987,7
20988,2
20989,6
20990,5
20991,4
20992,3
20993,6
20994,8
20995,4
20996,6
20997,3
20998,4
20999,7
21000,7
21001,4
21002,8
21003,1
21004,6
21005,3
21006,8
21007,1
21008,3
21009,4
21010,1
21011,7
21012,5
21013,7
21014,7
21015,4
21016,4
21017,0
21018,6
21019,6
21020,5
21021,0
21022,7
21023,0
21024,7
21025,6
21026,8
21027,4
21028,6
21029,1
21030,8
21031,6
21032,0
21033,1
21034,8
21035,1
21036,3
21037,6
21038,2
21039,4
21040,7
21041,7
21042,8
21043,9
21044,7
21045,2
21046,0
21047,7
21048,0
21049,3
21050,2
21051,2
21052,0
21053,9
21054,5
21055,2
21056,1
21057,6
21058,5
21059,6
21060,8
21061,9
21062,2
21063,1
21064,2
21065,8
21066,1
21067,5
21068,2
21069,8
21070,9
21071,3
21072,5
21073,0
21074,4
21075,8
21076,8
21077,2
21078,6
21079,5
21080,9
21081,6
21082,7
21083,4
21084,0
21085,6
21086,5
21087,1
21088,0
21089,7
21090,6
21091,5
21092,0
21093,9
21094,4
21095,1
21096,8
21097,4
21098,0
21099,9
21100,5
21101,3
21102,8
21103,9
21104,2
21105,2
21106,6
21107,1
21108,2
21109,8
21110,7
21111,4
21112,7
21113,5
21114,2
21115,4
21116,5
21117,0
21118,3
21119,3
21120,7
21121,4
21122,7
21123,3
21124,2
21125,1
21126,3
21127,1
21128,0
21129,5
21130,8
21131,9
21132,2
21133,7
21134,9
21135,7
21136,5
21137,2
21138,1
21139,1
21140,7
21141,5
21142,6
21143,1
21144,3
21145,7
21146,6
21147,2
21148,1
21149,3
21150,0
21151,5
21152,5
21153,9
21154,2
21155,8
21156,4
21157,4
21158,2
21159,5
21160,0
21161,5
21162,4
21163,7
21164,2
21165,3
21166,3
21167,6
21168,5
21169,3
21170,4
21171,8
21172,5
21173,1
21174,5
21175,7
21176,6
21177,7
21178,7
21179,1
21180,0
21181,0
21182,6
21183,5
21184,4
21185,9
21186,3
21187,8
21188,8
21189,8
21190,3
21191,9
21192,9
21193,5
21194,1
21195,6
21196,8
21197,6
21198,2
21199,9
21200,7
21201,5
21202,9
21203,4
21204,3
21205,1
21206,9
21207,2
21208,0
21209,1
21210,3
21211,7
21212,4
21213,0
21214,9
21215,5
21216,2
21217,6
21218,8
21219,9
21220,0
21221,5
21222,8
21223,7
21224,8
21225,1
21226,8
21227,1
21228,4
21229,3
21230,3
21231,3
21232,3
21233,2
21234,8
21235,2
21236,4
21237,5
21238,9
21239,9
21240,7
21241,7
21242,6
21243,3
21244,5
21245,3
21246,5
21247,5
21248,0
21249,9
21250,6
21251,6
21252,5
21253,6
21254,9
21255,7
21256,9
21257,8
21258,9
21259,7
21260,7
21261,7
21262,6
21263,2
21264,8
21265,1
21266,0
21267,6
21268,3
21269,1
21270,4
21271,0
21272,1
21273,8
21274,6
21275,0
21276,9
21277,5
21278,3
21279,2
21280,7
21281,0
21282,0
21283,5
21284,6
21285,8
21286,7
21287,7
21288,8
21289,6
21290,5
21291,0
21292,6
21293,0
21294,9
21295,8
21296,0
21297,7
21298,8
21299,5
21300,7
21301,2
21302,0
21303,7
21304,5
21305,9
21306,5
21307,8
21308,6
21309,8
21310,1
21311,5
21312,9
21313,7
21314,7
21315,3
21316,2
21317,0
21318,4
21319,7
21320,5
21321,7
21322,2
21323,8
21324,3
21325,7
21326,7
21327,1
21328,4
21329,5
21330,6
21331,9
21332,8
21333,0
21334,7
21335,2
21336,6
21337,1
21338,7
21339,8
21340,8
21341,5
21342,3
21343,3
21344,9
21345,3
21346,0
21347,2
21348,6
21349,6
21350,8
21351,0
21352,2
21353,4
21354,0
21355,5
21356,9
21357,2
21358,4
21359,2
21360,4
21361,1
21362,6
21363,5
21364,2
21365,3
21366,1
21367,4
21368,7
21369,7
21370,8
21371,2
21372,9
21373,6
21374,9
21375,1
21376,0
21377,9
21378,3
21379,6
21380,8
21381,6
21382,7
21383,4
21384,7
21385,8
21386,5
21387,2
21388,0
21389,0
21390,7
21391,9
21392,4
21393,2
21394,2
21395,2
21396,4
21397,9
21398,2
21399,1
21400,0
21401,6
21402,2
21403,9
21404,5
21405,0
21406,1
21407,7
21408,7
21409,8
21410,1
21411,8
21412,1
21413,9
21414,9
21415,4
21416,5
21417,2
21418,0
21419,5
21420,0
21421,9
21422,2
21423,9
21424,7
21425,7
21426,1
21427,3
21428,1
21429,9
21430,6
21431,0
21432,0
21433,5
21434,6
21435,3
21436,0
21437,4
21438,4
21439,4
21440,7
21441,5
21442,6
21443,5
21444,7
21445,1
21446,4
21447,8
21448,2
21449,6
21450,8
21451,1
21452,3
21453,1
21454,3
21455,8
21456,5
21457,4
21458,0
21459,9
21460,4
21461,1
21462,7
21463,6
21464,2
21465,8
21466,4
21467,0
21468,6
21469,2
21470,6
21471,6
21472,8
21473,1
21474,4
21475,8
21476,6
21477,2
21478,0
21479,2
21480,8
21481,4
21482,9
21483,3
21484,7
21485,9
21486,6
21487,3
21488,5
21489,3
21490,4
21491,4
21492,6
21493,8
21494,1
21495,6
21496,8
21497,6
21498,2
21499,3
21500,8
21501,6
21502,4
21503,2
21504,2
21505,1
21506,2
21507,6
21508,6
21509,8
21510,6
21511,8
21512,2
21513,0
21514,0
21515,4
21516,7
21517,0
21518,8
21519,2
21520,4
21521,3
21522,1
21523,7
21524,0
21525,9
21526,0
21527,3
21528,8
21529,7
21530,5
21531,1
21532,0
21533,6
21534,8
21535,7
21536,2
21537,5
21538,3
21539,1
21540,8
21541,1
21542,2
21543,8
21544,4
21545,4
21546,4
21547,6
21548,3
21549,7
21550,8
21551,3
21552,0
21553,2
21554,5
21555,9
21556,0
21557,4
21558,8
21559,8
21560,0
21561,2
21562,7
21563,3
21564,5
21565,3
21566,7
21567,3
21568,8
21569,1
21570,0
21571,7
21572,9
21573,4
21574,1
21575,2
21576,5
21577,4
21578,7
21579,1
21580,0
21581,9
21582,2
21583,3
21584,8
21585,5
21586,1
21587,5
21588,4
21589,5
21590,1
21591,9
21592,4
21593,0
21594,8
21595,5
21596,0
21597,3
21598,9
21599,6
21600,3
21601,9
21602,2
21603,4
21604,4
21605,6
21606,2
21607,5
21608,3
21609,6
21610,8
21611,6
21612,5
21613,9
21614,2
21615,7
21616,5
21617,3
21618,1
21619,7
21620,4
21621,2
21622,2
21623,4
21624,8
21625,5
21626,9
21627,1
21628,3
21629,9
21630,4
21631,7
21632,0
21633,0
21634,4
21635,7
21636,6
21637,5
21638,5
21639,9
21640,2
21641,1
21642,5
21643,9
21644,1
21645,9
21646,7
21647,2
21648,3
21649,7
21650,4
21651,9
21652,0
21653,4
21654,3
21655,7
21656,2
21657,9
21658,7
21659,9
21660,8
21661,5
21662,7
21663,6
21664,8
21665,9
21666,1
21667,3
21668,5
21669,3
21670,9
21671,6
21672,3
21673,5
21674,7
21675,4
21676,0
21677,6
21678,8
21679,7
21680,0
21681,8
21682,3
21683,8
21684,1
21685,1
21686,7
21687,2
21688,1
21689,1
21690,3
21691,7
21692,7
21693,7
21694,4
21695,6
21696,6
21697,7
21698,1
21699,0
21700,5
21701,0
21702,4
21703,1
21704,9
21705,2
21706,0
21707,3
21708,1
21709,8
21710,6
21711,3
21712,2
21713,2
21714,4
21715,1
21716,9
21717,3
21718,3
21719,5
21720,1
21721,8
21722,2
21723,0
21724,1
21725,6
21726,5
21727,1
21728,9
21729,1
21730,3
21731,7
21732,4
21733,5
21734,6
21735,7
21736,5
21737,3
21738,3
21739,8
21740,9
21741,9
21742,7
21743,6
21744,2
21745,1
21746,9
21747,1
21748,1
21749,1
21750,3
21751,4
21752,3
21753,2
21754,4
21755,1
21756,9
21757,0
21758,4
21759,3
21760,0
21761,6
21762,3
21763,1
21764,1
21765,4
21766,2
21767,8
21768,8
21769,6
21770,3
21771,1
21772,2
21773,8
21774,7
21775,3
21776,3
21777,8
21778,1
21779,5
21780,0
21781,5
21782,5
21783,3
21784,1
21785,0
21786,4
21787,6
21788,1
21789,7
21790,7
21791,5
21792,4
21793,2
21794,1
21795,3
21796,5
21797,1
21798,7
21799,9
21800,7
21801,9
21802,8
21803,9
21804,0
21805,8
21806,7
21807,3
21808,4
21809,6
21810,5
21811,2
21812,5
21813,0
21814,7
21815,6
21816,1
21817,9
21818,1
21819,1
21820,6
21821,2
21822,2
21823,9
21824,1
21825,9
21826,2
21827,3
21828,6
21829,7
21830,1
21831,1
21832,8
21833,4
21834,5
21835,4
21836,6
21837,5
21838,2
21839,6
21840,2
21841,4
21842,7
21843,7
21844,6
21845,2
21846,9
21847,9
21848,7
21849,3
21850,4
21851,9
21852,4
21853,4
21854,4
21855,8
21856,4
21857,8
21858,7
21859,6
21860,2
21861,8
21862,5
21863,8
21864,3
21865,7
21866,9
21867,8
21868,7
21869,8
21870,0
21871,6
21872,1
21873,4
21874,6
21875,3
21876,9
21877,6
21878,4
21879,2
21880,5
21881,7
21882,2
21883,4
21884,9
21885,6
21886,6
21887,1
21888,5
21889,6
21890,3
21891,0
21892,3
21893,4
21894,0
21895,0
21896,5
21897,5
21898,5
21899,3
21900,9
21901,0
21902,0
21903,4
21904,5
21905,2
21906,4
21907,4
21908,0
21909,0
21910,1
21911,0
21912,5
21913,1
21914,5
21915,0
21916,7
21917,7
21918,6
21919,2
21920,3
21921,0
21922,1
21923,5
21924,5
21925,2
21926,1
21927,6
21928,9
21929,9
21930,5
21931,3
21932,3
21933,4
21934,3
21935,3
21936,6
21937,8
21938,6
21939,9
21940,1
21941,2
21942,5
21943,1
21944,6
21945,1
21946,7
21947,3
21948,0
21949,6
21950,2
21951,8
21952,6
21953,4
21954,1
21955,6
21956,3
21957,1
21958,0
21959,4
21960,6
21961,7
21962,4
21963,7
21964,5
21965,5
21966,7
21967,5
21968,8
21969,7
21970,8
21971,5
21972,5
21973,0
21974,4
21975,5
21976,5
21977,9
21978,2
21979,2
21980,4
21981,0
21982,3
21983,9
21984,4
21985,7
21986,3
21987,4
21988,6
21989,1
21990,3
21991,6
21992,5
21993,0
21994,2
21995,2
21996,8
21997,1
21998,4
21999,9
22000,9
22001,0
22002,8
22003,4
22004,0
22005,1
22006,5
22007,2
22008,1
22009,4
22010,7
22011,6
22012,3
22013,5
22014,5
22015,4
22016,2
22017,9
22018,6
22019,2
22020,2
22021,0
22022,5
22023,2
22024,9
22025,3
22026,2
22027,7
22028,8
22029,3
22030,2
22031,2
22032,9
22033,2
22034,2
22035,4
22036,2
22037,7
22038,6
22039,1
22040,5
22041,9
22042,2
22043,7
22044,9
22045,2
22046,7
22047,0
22048,7
22049,5
22050,0
22051,5
22052,0
22053,0
22054,1
22055,6
22056,3
22057,6
22058,4
22059,6
22060,9
22061,9
22062,8
22063,2
22064,7
22065,6
22066,2
22067,0
22068,2
22069,6
22070,3
22071,6
22072,5
22073,1
22074,0
22075,4
22076,6
22077,3
22078,3
22079,2
22080,0
22081,8
22082,9
22083,8
22084,6
22085,9
22086,3
22087,5
22088,6
22089,6
22090,1
22091,0
22092,1
22093,1
22094,3
22095,0
22096,6
22097,8
22098,9
22099,6
22100,3
22101,5
22102,7
22103,0
22104,8
22105,3
22106,0
22107,5
22108,8
22109,9
22110,8
22111,0
22112,6
22113,1
22114,8
22115,2
22116,6
22117,8
22118,3
22119,1
22120,4
22121,3
22122,4
22123,3
22124,9
22125,2
22126,9
22127,7
22128,1
22129,5
22130,3
22131,0
22132,5
22133,9
22134,1
22135,6
22136,0
22137,9
22138,6
22139,9
22140,1
22141,4
22142,2
22143,1
22144,6
22145,8
22146,3
22147,4
22148,8
22149,5
22150,4
22151,0
22152,0
22153,3
22154,7
22155,6
22156,1
22157,6
22158,3
22159,3
22160,9
22161,8
22162,1
22163,8
22164,6
22165,2
22166,2
22167,0
22168,3
22169,4
22170,2
22171,4
22172,0
22173,2
22174,6
22175,3
22176,9
22177,0
22178,2
22179,6
22180,0
22181,0
22182,0
22183,4
22184,7
22185,3
22186,4
22187,1
22188,5
22189,7
22190,2
22191,7
22192,6
22193,2
22194,8
22195,2
22196,8
22197,0
22198,8
22199,7
22200,8
22201,1
22202,6
22203,2
22204,0
22205,1
22206,5
22207,1
22208,7
22209,9
22210,1
22211,6
22212,2
22213,6
22214,9
22215,2
22216,5
22217,3
22218,2
22219,5
22220,2
22221,0
22222,9
22223,2
22224,1
22225,0
22226,3
22227,9
22228,0
22229,5
22230,8
22231,7
22232,5
22233,3
22234,3
22235,9
22236,9
22237,6
22238,0
22239,1
22240,0
22241,9
22242,9
22243,6
22244,5
22245,8
22246,9
22247,9
22248,7
22249,8
22250,4
22251,0
22252,0
22253,8
22254,9
22255,6
22256,3
22257,7
22258,9
22259,2
22260,7
22261,1
22262,2
22263,5
22264,6
22265,3
22266,4
22267,7
22268,0
22269,6
22270,5
22271,9
22272,4
22273,6
22274,8
22275,5
22276,4
22277,4
22278,9
22279,7
22280,4
22281,8
22282,2
22283,6
22284,3
22285,8
22286,5
22287,3
22288,1
22289,0
22290,0
22291,1
22292,6
22293,4
22294,7
22295,9
22296,4
22297,3
22298,6
22299,4
22300,8
22301,3
22302,4
22303,3
22304,9
22305,3
22306,3
22307,2
22308,5
22309,0
22310,6
22311,1
22312,6
22313,2
22314,1
22315,7
22316,2
22317,9
22318,0
22319,8
22320,9
22321,1
22322,3
22323,3
22324,4
22325,5
22326,1
22327,2
22328,4
22329,8
22330,1
22331,0
22332,2
22333,5
22334,0
22335,7
22336,4
22337,0
22338,6
22339,1
22340,1
22341,2
22342,3
22343,6
22344,2
22345,2
22346,9
22347,8
22348,6
22349,7
22350,4
22351,7
22352,3
22353,6
22354,9
22355,7
22356,2
22357,0
22358,0
22359,7
22360,3
22361,3
22362,8
22363,1
22364,9
22365,5
22366,5
22367,4
22368,7
22369,5
22370,8
22371,6
22372,4
22373,4
22374,5
22375,2
22376,1
22377,9
22378,9
22379,6
22380,7
22381,2
22382,9
22383,4
22384,2
22385,3
22386,8
22387,6
22388,6
22389,0
22390,9
22391,8
22392,4
22393,3
22394,5
22395,4
22396,2
22397,2
22398,3
22399,6
22400,7
22401,5
22402,6
22403,8
22404,7
22405,9
22406,0
22407,1
22408,8
22409,7
22410,9
22411,3
22412,5
22413,2
22414,0
22415,1
22416,6
22417,0
22418,9
22419,0
22420,7
22421,0
22422,6
22423,5
22424,3
22425,0
22426,7
22427,6
22428,8
22429,1
22430,0
22431,3
22432,1
22433,8
22434,9
22435,9
22436,2
22437,8
22438,0
22439,2
22440,6
22441,1
22442,0
22443,1
22444,0
22445,8
22446,4
22447,3
22448,6
22449,7
22450,5
22451,1
22452,8
22453,7
22454,1
22455,4
22456,0
22457,5
22458,1
22459,2
22460,1
22461,5
22462,9
22463,2
22464,6
22465,2
22466,0
22467,6
22468,3
22469,0
22470,2
22471,3
22472,9
22473,4
22474,7
22475,2
22476,9
22477,3
22478,4
22479,3
22480,8
22481,8
22482,1
22483,7
22484,5
22485,0
22486,2
22487,6
22488,7
22489,7
22490,9
22491,7
22492,6
22493,9
22494,0
22495,2
22496,9
22497,5
22498,7
22499,2
22500,7
22501,2
22502,6
22503,6
22504,1
22505,7
22506,6
22507,5
22508,9
22509,8
22510,6
22511,0
22512,0
22513,9
22514,4
22515,1
22516,8
22517,8
22518,7
22519,7
22520,1
22521,2
22522,2
22523,2
22524,3
22525,9
22526,9
22527,6
22528,2
22529,7
22530,1
22531,2
22532,8
22533,1
22534,9
22535,4
22536,9
22537,0
22538,7
22539,8
22540,4
22541,6
22542,8
22543,1
22544,4
22545,2
22546,5
22547,1
22548,0
22549,0
22550,1
22551,3
22552,6
22553,9
22554,6
22555,9
22556,9
22557,9
22558,4
22559,4
22560,4
22561,4
22562,3
22563,3
22564,4
22565,5
22566,1
22567,4
22568,8
22569,7
22570,0
22571,9
22572,2
22573,8
22574,6
22575,4
22576,0
22577,8
22578,0
22579,5
22580,9
22581,2
22582,8
22583,5
22584,2
22585,4
22586,1
22587,6
22588,5
22589,3
22590,9
22591,6
22592,0
22593,7
22594,2
22595,6
22596,5
22597,6
22598,7
22599,4
22600,9
22601,4
22602,8
22603,8
22604,5
22605,2
22606,5
22607,7
22608,3
22609,9
22610,6
22611,4
22612,1
22613,4
22614,5
22615,6
22616,0
22617,9
22618,7
22619,3
22620,8
22621,3
22622,5
22623,6
22624,1
22625,6
22626,0
22627,9
22628,0
22629,2
22630,9
22631,5
22632,6
22633,5
22634,9
22635,4
22636,0
22637,4
22638,8
22639,1
22640,3
22641,4
22642,9
22643,0
22644,7
22645,4
22646,4
22647,3
22648,5
22649,6
22650,7
22651,4
22652,1
22653,7
22654,2
22655,5
22656,4
22657,9
22658,8
22659,1
22660,5
22661,9
22662,9
22663,9
22664,0
22665,9
22666,6
22667,9
22668,1
22669,1
22670,0
22671,0
22672,5
22673,1
22674,6
22675,8
22676,4
22677,0
22678,9
22679,5
22680,9
22681,2
22682,8
22683,0
22684,2
22685,0
22686,1
22687,2
22688,5
22689,1
22690,1
22691,4
22692,1
22693,9
22694,1
22695,7
22696,6
22697,9
22698,5
22699,0
22700,6
22701,0
22702,3
22703,4
22704,3
22705,8
22706,2
22707,1
22708,8
22709,0
22710,9
22711,4
22712,5
22713,8
22714,9
22715,3
22716,1
22717,0
22718,0
22719,3
22720,6
22721,5
22722,2
22723,2
22724,5
22725,1
22726,0
22727,2
22728,2
22729,5
22730,5
22731,8
22732,9
22733,8
22734,0
22735,3
22736,5
22737,2
22738,7
22739,3
22740,6
22741,1
22742,4
22743,2
22744,1
22745,5
22746,6
22747,9
22748,2
22749,4
22750,9
22751,6
22752,9
22753,1
22754,8
22755,5
22756,9
22757,4
22758,7
22759,2
22760,9
22761,0
22762,4
22763,0
22764,4
22765,7
22766,9
22767,9
22768,1
22769,5
22770,8
22771,2
22772,6
22773,1
22774,2
22775,1
22776,0
22777,0
22778,1
22779,1
22780,4
22781,0
22782,5
22783,8
22784,9
22785,8
22786,1
22787,8
22788,3
22789,0
22790,0
22791,2
22792,9
22793,6
22794,1
22795,9
22796,6
22797,6
22798,9
22799,5
22800,3
22801,2
22802,4
22803,7
22804,4
22805,6
22806,7
22807,8
22808,1
22809,0
22810,8
22811,9
22812,1
22813,8
22814,8
22815,5
22816,5
22817,0
22818,4
22819,1
22820,0
22821,9
22822,1
22823,3
22824,8
22825,3
22826,7
22827,7
22828,8
22829,8
22830,2
22831,8
22832,2
22833,5
22834,8
22835,2
22836,4
22837,0
22838,0
22839,9
22840,0
22841,2
22842,1
22843,4
22844,7
22845,5
22846,3
22847,0
22848,7
22849,7
22850,1
22851,6
22852,5
22853,6
22854,4
22855,6
22856,3
22857,2
22858,4
22859,9
22860,0
22861,8
22862,1
22863,9
22864,4
22865,0
22866,6
22867,0
22868,6
22869,4
22870,7
22871,8
22872,4
22873,6
22874,9
22875,9
22876,3
22877,9
22878,0
22879,8
22880,5
22881,8
22882,4
22883,9
22884,6
22885,4
22886,6
22887,0
22888,4
22889,0
22890,1
22891,5
22892,0
22893,1
22894,2
22895,8
22896,4
22897,6
22898,1
22899,2
22900,0
22901,2
22902,2
22903,7
22904,9
22905,1
22906,8
22907,5
22908,5
22909,8
22910,0
22911,6
22912,8
22913,6
22914,4
22915,8
22916,6
22917,4
22918,3
22919,6
22920,4
22921,4
22922,1
22923,4
22924,9
22925,1
22926,4
22927,2
22928,9
22929,5
22930,7
22931,3
22932,0
22933,1
22934,7
22935,7
22936,1
22937,1
22938,0
22939,2
22940,0
22941,4
22942,0
22943,5
22944,7
22945,0
22946,0
22947,2
22948,4
22949,7
22950,8
22951,3
22952,5
22953,4
22954,8
22955,7
22956,2
22957,2
22958,1
22959,6
22960,4
22961,3
22962,1
22963,0
22964,2
22965,1
22966,0
22967,6
22968,4
22969,7
22970,1
22971,0
22972,5
22973,9
22974,7
22975,3
22976,9
22977,3
22978,6
22979,5
22980,7
22981,4
22982,2
22983,2
22984,3
22985,2
22986,5
22987,2
22988,7
22989,8
22990,9
22991,2
22992,9
22993,6
22994,2
22995,5
22996,1
22997,7
22998,8
22999,1
23000,3
23001,1
23002,1
23003,3
23004,0
23005,9
23006,0
23007,9
23008,0
23009,6
23010,6
23011,1
23012,5
23013,1
23014,2
23015,2
23016,0
23017,1
23018,2
23019,7
23020,4
23021,7
23022,8
23023,9
23024,1
23025,2
23026,9
23027,7
23028,7
23029,7
23030,1
23031,2
23032,1
23033,7
23034,5
23035,2
23036,8
23037,4
23038,5
23039,3
23040,0
23041,1
23042,6
23043,1
23044,2
23045,6
23046,5
23047,4
23048,6
23049,3
23050,1
23051,9
23052,5
23053,1
23054,7
23055,3
23056,1
23057,5
23058,1
23059,2
23060,0
23061,6
23062,1
23063,2
23064,8
23065,7
23066,7
23067,3
23068,0
23069,9
23070,6
23071,2
23072,3
23073,9
23074,3
23075,6
23076,1
23077,4
23078,7
23079,0
23080,5
23081,1
23082,7
23083,9
23084,7
23085,7
23086,3
23087,9
23088,9
23089,6
23090,2
23091,1
23092,2
23093,9
23094,0
23095,5
23096,1
23097,3
23098,4
23099,6
23100,7
23101,0
23102,2
23103,9
23104,6
23105,7
23106,8
23107,3
23108,5
23109,4
23110,9
23111,5
23112,6
23113,2
23114,5
23115,8
23116,9
23117,1
23118,1
23119,5
23120,5
23121,1
23122,8
23123,1
23124,4
23125,2
23126,6
23127,6
23128,1
23129,9
23130,1
23131,5
23132,2
23133,5
23134,8
23135,7
23136,2
23137,7
23138,2
23139,0
23140,9
23141,0
23142,9
23143,6
23144,5
23145,4
23146,5
23147,4
23148,3
23149,6
23150,5
23151,3
23152,5
23153,9
23154,3
23155,2
23156,1
23157,5
23158,0
23159,6
23160,1
23161,8
23162,0
23163,6
23164,7
23165,5
23166,1
23167,8
23168,6
23169,1
23170,2
23171,1
23172,5
23173,9
23174,1
23175,3
23176,1
23177,9
23178,8
23179,3
23180,6
23181,9
23182,1
23183,6
23184,9
23185,8
23186,3
23187,6
23188,5
23189,9
23190,2
23191,0
23192,4
23193,3
23194,3
23195,4
23196,9
23197,5
23198,3
23199,2
23200,0
23201,3
23202,8
23203,6
23204,8
23205,9
23206,5
23207,9
23208,0
23209,5
23210,3
23211,6
23212,1
23213,7
23214,8
23215,6
23216,0
23217,4
23218,1
23219,1
23220,4
23221,5
23222,2
23223,3
23224,7
23225,2
23226,1
23227,5
23228,3
23229,4
23230,2
23231,7
23232,3
23233,3
23234,2
23235,5
23236,2
23237,6
23238,7
23239,6
23240,6
23241,2
23242,2
23243,9
23244,2
23245,7
23246,3
23247,1
23248,6
23249,1
23250,2
23251,4
23252,8
23253,5
23254,2
23255,3
23256,2
23257,2
23258,8
23259,2
23260,4
23261,5
23262,5
23263,0
23264,9
23265,8
23266,0
23267,3
23268,1
23269,0
23270,5
23271,9
23272,0
23273,1
23274,7
23275,0
23276,3
23277,5
23278,6
23279,6
23280,0
23281,7
23282,6
23283,6
23284,3
23285,1
23286,0
23287,2
23288,6
23289,1
23290,1
23291,1
23292,1
23293,9
23294,4
23295,4
23296,3
23297,5
23298,6
23299,2
23300,6
23301,2
23302,5
23303,8
23304,8
23305,3
23306,4
23307,8
23308,2
23309,3
23310,5
23311,8
23312,4
23313,2
23314,6
23315,5
23316,5
23317,3
23318,7
23319,5
23320,6
23321,3
23322,7
23323,8
23324,2
23325,3
23326,0
23327,0
23328,7
23329,1
23330,8
23331,0
23332,3
23333,5
23334,1
23335,2
23336,2
23337,1
23338,0
23339,7
23340,5
23341,3
23342,1
23343,0
23344,7
23345,5
23346,0
23347,0
23348,8
23349,1
23350,4
23351,1
23352,6
23353,5
23354,3
23355,0
23356,0
23357,0
23358,2
23359,6
23360,9
23361,9
23362,7
23363,2
23364,2
23365,7
23366,3
23367,2
23368,7
23369,4
23370,9
23371,0
23372,1
23373,3
23374,1
23375,0
23376,5
23377,2
23378,5
23379,2
23380,0
23381,2
23382,6
23383,9
23384,5
23385,3
23386,5
23387,1
23388,1
23389,2
23390,3
23391,5
23392,2
23393,9
23394,5
23395,8
23396,1
23397,0
23398,2
23399,7
23400,0
23401,9
23402,9
23403,4
23404,8
23405,5
23406,8
23407,3
23408,8
23409,0
23410,3
23411,6
23412,8
23413,0
23414,3
23415,7
23416,3
23417,8
23418,8
23419,8
23420,6
23421,1
23422,0
23423,3
23424,5
23425,0
23426,8
23427,5
23428,7
23429,7
23430,7
23431,8
23432,6
23433,8
23434,6
23435,4
23436,4
23437,4
23438,9
23439,5
23440,0
23441,2
23442,7
23443,5
23444,7
23445,3
23446,4
23447,2
23448,7
23449,0
23450,5
23451,4
23452,3
23453,6
23454,7
23455,3
23456,7
23457,2
23458,5
23459,0
23460,4
23461,8
23462,9
23463,4
23464,6
23465,2
23466,2
23467,6
23468,6
23469,7
23470,5
23471,1
23472,0
23473,0
23474,1
23475,8
23476,6
23477,2
23478,4
23479,7
23480,8
23481,1
23482,4
23483,5
23484,5
23485,7
23486,2
23487,9
23488,4
23489,9
23490,3
23491,5
23492,6
23493,0
23494,6
23495,0
23496,0
23497,6
23498,6
23499,4
23500,8
23501,3
23502,0
23503,0
23504,1
23505,7
23506,4
23507,4
23508,1
23509,6
23510,9
23511,4
23512,7
23513,4
23514,9
23515,2
23516,6
23517,4
23518,6
23519,6
23520,1
23521,0
23522,9
23523,4
23524,5
23525,1
23526,9
23527,4
23528,1
23529,6
23530,1
23531,5
23532,4
23533,6
23534,0
23535,4
23536,6
23537,7
23538,3
23539,8
23540,8
23541,7
23542,9
23543,7
23544,6
23545,2
23546,0
23547,2
23548,1
23549,1
23550,0
23551,6
23552,4
23553,4
23554,3
23555,1
23556,1
23557,1
23558,2
23559,8
23560,3
23561,1
23562,1
23563,3
23564,6
23565,5
23566,6
23567,4
23568,4
23569,0
23570,8
23571,7
23572,4
23573,1
23574,7
23575,1
23576,0
23577,4
23578,3
23579,2
23580,6
23581,0
23582,4
23583,2
23584,7
23585,6
23586,2
23587,9
23588,5
23589,6
23590,0
23591,8
23592,2
23593,8
23594,6
23595,2
23596,3
23597,6
23598,8
23599,7
23600,4
23601,5
23602,1
23603,1
23604,2
23605,0
23606,6
23607,9
23608,1
23609,8
23610,0
23611,1
23612,0
23613,3
23614,1
23615,4
23616,1
23617,4
23618,2
23619,6
23620,4
23621,6
23622,8
23623,6
23624,6
23625,9
23626,5
23627,1
23628,2
23629,9
23630,3
23631,0
23632,1
23633,8
23634,3
23635,7
23636,3
23637,3
23638,1
23639,0
23640,6
23641,1
23642,4
23643,7
23644,3
23645,4
23646,7
23647,5
23648,6
23649,3
23650,0
23651,3
23652,8
23653,0
23654,0
23655,2
23656,8
23657,9
23658,3
23659,5
23660,2
23661,9
23662,8
23663,4
23664,1
23665,4
23666,1
23667,4
23668,0
23669,8
23670,6
23671,4
23672,4
23673,0
23674,2
23675,5
23676,2
23677,5
23678,2
23679,5
23680,0
23681,0
23682,9
23683,3
23684,8
23685,3
23686,0
23687,2
23688,4
23689,3
23690,9
23691,8
23692,2
23693,8
23694,3
23695,2
23696,5
23697,9
23698,4
23699,5
23700,7
23701,9
23702,8
23703,6
23704,8
23705,2
23706,9
23707,3
23708,7
23709,6
23710,2
23711,0
23712,3
23713,0
23714,7
23715,5
23716,3
23717,0
23718,8
23719,3
23720,1
23721,7
23722,9
23723,2
23724,1
23725,5
23726,9
23727,7
23728,3
23729,4
23730,4
23731,2
23732,8
23733,7
23734,1
23735,2
23736,2
23737,6
23738,0
23739,3
23740,3
23741,0
23742,9
23743,5
23744,7
23745,6
23746,8
23747,0
23748,9
23749,1
23750,8
23751,8
23752,4
23753,6
23754,0
23755,8
23756,8
23757,9
23758,3
23759,8
23760,4
23761,4
23762,0
23763,6
23764,2
23765,0
23766,6
23767,5
23768,3
23769,9
23770,6
23771,0
23772,6
23773,5
23774,1
23775,8
23776,3
23777,0
23778,1
23779,6
23780,9
23781,2
23782,7
23783,2
23784,3
23785,7
23786,3
23787,6
23788,1
23789,2
23790,0
23791,9
23792,4
23793,7
23794,3
23795,6
23796,9
23797,5
23798,2
23799,8
23800,3
23801,9
23802,8
23803,1
23804,3
23805,9
23806,3
23807,0
23808,8
23809,1
23810,3
23811,7
23812,1
23813,5
23814,2
23815,1
23816,2
23817,9
23818,3
23819,7
23820,5
23821,3
23822,1
23823,5
23824,6
23825,0
23826,1
23827,9
23828,3
23829,9
23830,1
23831,4
23832,3
23833,9
23834,4
23835,3
23836,3
23837,2
23838,7
23839,6
23840,0
23841,7
23842,4
23843,1
23844,8
23845,0
23846,1
23847,8
23848,2
23849,7
23850,5
23851,8
23852,8
23853,9
23854,2
23855,5
23856,5
23857,8
23858,4
23859,0
23860,1
23861,1
23862,7
23863,7
23864,8
23865,8
23866,1
23867,8
23868,3
23869,2
23870,4
23871,9
23872,0
23873,9
23874,9
23875,7
23876,5
23877,1
23878,5
23879,6
23880,7
23881,5
23882,6
23883,8
23884,0
23885,2
23886,0
23887,5
23888,8
23889,3
23890,1
23891,5
23892,3
23893,0
23894,5
23895,6
23896,8
23897,4
23898,5
23899,1
23900,7
23901,8
23902,0
23903,2
23904,0
23905,7
23906,1
23907,9
23908,1
23909,1
23910,2
23911,4
23912,3
23913,0
23914,9
23915,7
23916,8
23917,9
23918,0
23919,4
23920,0
23921,4
23922,3
23923,8
23924,7
23925,9
23926,8
23927,3
23928,3
23929,9
23930,1
23931,1
23932,1
23933,4
23934,4
23935,0
23936,2
23937,6
23938,5
23939,2
23940,8
23941,2
23942,8
23943,2
23944,6
23945,3
23946,7
23947,2
23948,0
23949,2
23950,5
23951,3
23952,2
23953,2
23954,2
23955,3
23956,9
23957,7
23958,9
23959,4
23960,8
23961,0
23962,9
23963,9
23964,0
23965,8
23966,4
23967,9
23968,7
23969,7
23970,2
23971,3
23972,9
23973,1
23974,0
23975,0
23976,7
23977,3
23978,5
23979,7
23980,0
23981,7
23982,6
23983,5
23984,6
23985,3
23986,4
23987,9
23988,1
23989,1
23990,3
23991,8
23992,3
23993,6
23994,9
23995,9
23996,8
23997,6
23998,7
23999,5
24000,2
24001,0
24002,3
24003,6
24004,3
24005,9
24006,9
24007,0
24008,4
24009,2
24010,8
24011,3
24012,3
24013,1
24014,6
24015,9
24016,8
24017,8
24018,1
24019,4
24020,4
24021,4
24022,8
24023,4
24024,0
24025,0
24026,2
24027,0
24028,9
24029,7
24030,1
24031,5
24032,9
24033,7
24034,1
24035,7
24036,5
24037,0
24038,9
24039,5
24040,7
24041,3
24042,0
24043,6
24044,8
24045,1
24046,8
24047,3
24048,8
24049,5
24050,5
24051,6
24052,6
24053,3
24054,8
24055,7
24056,0
24057,1
24058,2
24059,1
24060,2
24061,8
24062,6
24063,1
24064,1
24065,5
24066,1
24067,4
24068,1
24069,3
24070,3
24071,4
24072,1
24073,4
24074,1
24075,5
24076,1
24077,2
24078,5
24079,2
24080,1
24081,0
24082,7
24083,9
24084,7
24085,1
24086,1
24087,1
24088,9
24089,6
24090,4
24091,9
24092,2
24093,0
24094,0
24095,9
24096,9
24097,8
24098,7
24099,9
24100,6
24101,8
24102,8
24103,3
24104,5
24105,5
24106,1
24107,8
24108,0
24109,4
24110,9
24111,0
24112,0
24113,1
24114,0
24115,5
24116,4
24117,4
24118,8
24119,5
24120,1
24121,4
24122,6
24123,8
24124,9
24125,2
24126,2
24127,5
24128,4
24129,1
24130,8
24131,8
24132,6
24133,3
24134,7
24135,9
24136,0
24137,5
24138,5
24139,1
24140,1
24141,8
24142,2
24143,6
24144,9
24145,9
24146,1
24147,3
24148,4
24149,8
24150,1
24151,5
24152,9
24153,0
24154,0
24155,0
24156,2
24157,3
24158,0
24159,5
24160,6
24161,7
24162,3
24163,3
24164,6
24165,9
24166,7
24167,6
24168,7
24169,4
24170,1
24171,6
24172,2
24173,8
24174,6
24175,2
24176,2
24177,0
24178,2
24179,0
24180,3
24181,9
24182,1
24183,5
24184,0
24185,1
24186,9
24187,5
24188,6
24189,2
24190,8
24191,8
24192,4
24193,4
24194,8
24195,9
24196,6
24197,6
24198,6
24199,0
24200,3
24201,1
24202,3
24203,2
24204,3
24205,0
24206,1
24207,9
24208,2
24209,2
24210,7
24211,0
24212,2
24213,4
24214,9
24215,4
24216,6
24217,5
24218,8
24219,6
24220,0
24221,9
24222,0
24223,1
24224,0
24225,1
24226,3
24227,6
24228,6
24229,7
24230,0
24231,9
24232,3
24233,2
24234,8
24235,5
24236,1
24237,9
24238,3
24239,3
24240,3
24241,7
24242,8
24243,0
24244,1
24245,0
24246,6
24247,7
24248,7
24249,9
24250,9
24251,1
24252,2
24253,1
24254,1
24255,5
24256,8
24257,9
24258,7
24259,3
24260,2
24261,6
24262,1
24263,3
24264,0
24265,7
24266,6
24267,5
24268,9
24269,8
24270,1
24271,2
24272,3
24273,2
24274,7
24275,1
24276,6
24277,0
24278,9
24279,9
24280,7
24281,8
24282,1
24283,9
24284,5
24285,2
24286,0
24287,5
24288,2
24289,2
24290,1
24291,5
24292,8
24293,9
24294,9
24295,3
24296,4
24297,3
24298,4
24299,8
24300,3
24301,5
24302,4
24303,4
24304,2
24305,9
24306,8
24307,4
24308,2
24309,2
24310,6
24311,1
24312,0
24313,8
24314,4
24315,9
24316,0
24317,9
24318,7
24319,9
24320,9
24321,7
24322,9
24323,6
24324,7
24325,4
24326,0
24327,6
24328,3
24329,8
24330,5
24331,4
24332,8
24333,6
24334,1
24335,5
24336,8
24337,1
24338,0
24339,3
24340,9
24341,1
24342,5
24343,8
24344,6
24345,9
24346,7
24347,5
24348,1
24349,1
24350,2
24351,2
24352,1
24353,4
24354,8
24355,0
24356,0
24357,6
24358,0
24359,4
24360,0
24361,9
24362,9
24363,0
24364,5
24365,5
24366,9
24367,8
24368,1
24369,7
24370,2
24371,0
24372,1
24373,5
24374,5
24375,2
24376,2
24377,4
24378,3
24379,1
24380,6
24381,3
24382,1
24383,8
24384,8
24385,7
24386,9
24387,4
24388,0
24389,4
24390,1
24391,2
24392,5
24393,3
24394,9
24395,3
24396,2
24397,0
24398,7
24399,6
24400,2
24401,4
24402,9
24403,5
24404,1
24405,3
24406,6
24407,2
24408,2
24409,2
24410,3
24411,9
24412,3
24413,9
24414,2
24415,2
24416,2
24417,5
24418,9
24419,1
24420,9
24421,9
24422,9
24423,4
24424,4
24425,0
24426,0
24427,6
24428,2
24429,8
24430,3
24431,2
24432,7
24433,6
24434,8
24435,3
24436,2
24437,7
24438,1
24439,2
24440,1
24441,6
24442,8
24443,8
24444,1
24445,6
24446,6
24447,0
24448,8
24449,8
24450,6
24451,2
24452,2
24453,8
24454,1
24455,9
24456,9
24457,9
24458,2
24459,1
24460,1
24461,0
24462,7
24463,3
24464,2
24465,2
24466,8
24467,4
24468,1
24469,6
24470,2
24471,0
24472,5
24473,2
24474,1
24475,8
24476,5
24477,3
24478,6
24479,7
24480,3
24481,4
24482,2
24483,5
24484,9
24485,5
24486,1
24487,9
24488,9
24489,1
24490,4
24491,1
24492,0
24493,2
24494,7
24495,7
24496,2
24497,4
24498,4
24499,3
24500,0
24501,0
24502,1
24503,1
24504,5
24505,6
24506,1
24507,3
24508,6
24509,7
24510,9
24511,5
24512,7
24513,6
24514,9
24515,5
24516,0
24517,4
24518,5
24519,6
24520,1
24521,8
24522,5
24523,8
24524,6
24525,1
24526,4
24527,6
24528,5
24529,9
24530,7
24531,0
24532,8
24533,5
24534,2
24535,3
24536,8
24537,0
24538,4
24539,7
24540,0
24541,8
24542,3
24543,3
24544,8
24545,8
24546,0
24547,1
24548,5
24549,7
24550,6
24551,3
24552,9
24553,5
24554,4
24555,9
24556,3
24557,5
24558,2
24559,0
24560,4
24561,5
24562,2
24563,2
24564,8
24565,6
24566,0
24567,1
24568,4
24569,0
24570,5
24571,2
24572,9
24573,0
24574,0
24575,1
24576,9
24577,8
24578,6
24579,8
24580,1
24581,8
24582,5
24583,4
24584,2
24585,9
24586,9
24587,0
24588,5
24589,0
24590,7
24591,8
24592,9
24593,9
24594,6
24595,3
24596,6
24597,6
24598,1
24599,3
24600,5
24601,3
24602,0
24603,4
24604,4
24605,7
24606,5
24607,9
24608,3
24609,4
24610,2
24611,3
24612,6
24613,4
24614,9
24615,0
24616,1
24617,5
24618,2
24619,1
24620,5
24621,8
24622,5
24623,8
24624,8
24625,3
24626,8
24627,0
24628,2
24629,9
24630,9
24631,5
24632,6
24633,6
24634,0
24635,2
24636,3
24637,9
24638,4
24639,6
24640,4
24641,4
24642,7
24643,5
24644,6
24645,2
24646,5
24647,4
24648,8
24649,1
24650,9
24651,0
24652,5
24653,3
24654,8
24655,0
24656,4
24657,1
24658,7
24659,4
24660,1
24661,1
24662,3
24663,8
24664,1
24665,0
24666,1
24667,3
24668,7
24669,7
24670,8
24671,3
24672,4
24673,7
24674,2
24675,3
24676,0
24677,4
24678,2
24679,6
24680,4
24681,7
24682,0
24683,1
24684,5
24685,2
24686,7
24687,8
24688,9
24689,7
24690,2
24691,5
24692,7
24693,8
24694,7
24695,8
24696,1
24697,2
24698,9
24699,7
24700,7
24701,6
24702,4
24703,1
24704,4
24705,2
24706,5
24707,5
24708,9
24709,0
24710,1
24711,0
24712,8
24713,4
24714,2
24715,4
24716,0
24717,1
24718,3
24719,2
24720,8
24721,0
24722,2
24723,8
24724,5
24725,5
24726,3
24727,7
24728,7
24729,3
24730,9
24731,9
24732,0
24733,2
24734,1
24735,7
24736,3
24737,3
24738,7
24739,4
24740,1
24741,3
24742,0
24743,2
24744,9
24745,0
24746,1
24747,8
24748,1
24749,4
24750,1
24751,9
24752,3
24753,5
24754,9
24755,9
24756,5
24757,1
24758,9
24759,4
24760,5
24761,0
24762,0
24763,0
24764,7
24765,8
24766,5
24767,3
24768,0
24769,7
24770,0
24771,4
24772,0
24773,8
24774,5
24775,7
24776,9
24777,4
24778,2
24779,1
24780,5
24781,3
24782,4
24783,7
24784,4
24785,1
24786,0
24787,0
24788,2
24789,3
24790,5
24791,4
24792,5
24793,0
24794,8
24795,5
24796,5
24797,7
24798,3
24799,3
24800,1
24801,1
24802,7
24803,6
24804,3
24805,6
24806,5
24807,1
24808,9
24809,0
24810,6
24811,1
24812,1
24813,9
24814,5
24815,4
24816,1
24817,0
24818,8
24819,2
24820,0
24821,9
24822,7
24823,3
24824,5
24825,3
24826,8
24827,2
24828,8
24829,4
24830,4
24831,7
24832,8
24833,7
24834,7
24835,8
24836,4
24837,8
24838,2
24839,8
24840,1
24841,0
24842,4
24843,2
24844,5
24845,4
24846,7
24847,5
24848,7
24849,0
24850,2
24851,3
24852,7
24853,1
24854,2
24855,3
24856,6
24857,7
24858,6
24859,8
24860,2
24861,4
24862,6
24863,6
24864,5
24865,7
24866,5
24867,1
24868,7
24869,1
24870,8
24871,0
24872,1
24873,3
24874,5
24875,5
24876,6
24877,5
24878,3
24879,9
24880,8
24881,6
24882,0
24883,6
24884,3
24885,9
24886,0
24887,7
24888,7
24889,1
24890,8
24891,7
24892,2
24893,7
24894,7
24895,2
24896,6
24897,3
24898,9
24899,9
24900,5
24901,6
24902,5
24903,9
24904,5
24905,6
24906,2
24907,6
24908,2
24909,7
24910,2
24911,8
24912,3
24913,3
24914,7
24915,4
24916,4
24917,0
24918,0
24919,8
24920,6
24921,0
24922,0
24923,4
24924,0
24925,9
24926,5
24927,3
24928,5
24929,0
24930,5
24931,5
24932,5
24933,5
24934,9
24935,3
24936,2
24937,7
24938,2
24939,6
24940,6
24941,9
24942,4
24943,4
24944,0
24945,1
24946,6
24947,8
24948,2
24949,2
24950,8
24951,8
24952,8
24953,5
24954,0
24955,0
24956,4
24957,4
24958,8
24959,4
24960,6
24961,9
24962,7
24963,6
24964,3
24965,6
24966,3
24967,8
24968,9
24969,2
24970,0
24971,4
24972,9
24973,5
24974,7
24975,4
24976,0
24977,4
24978,3
24979,1
24980,6
24981,3
24982,4
24983,3
24984,0
24985,5
24986,7
24987,3
24988,1
24989,7
24990,4
24991,7
24992,7
24993,6
24994,6
24995,2
24996,6
24997,3
24998,2
24999,1
25000,4
25001,8
25002,0
25003,4
25004,6
25005,7
25006,5
25007,1
25008,3
25009,7
25010,6
25011,6
25012,3
25013,9
25014,8
25015,0
25016,3
25017,0
25018,0
25019,6
25020,6
25021,1
25022,6
25023,7
25024,8
25025,0
25026,6
25027,2
25028,8
25029,1
25030,6
25031,5
25032,9
25033,7
25034,7
25035,1
25036,3
25037,0
25038,3
25039,7
25040,3
25041,2
25042,8
25043,2
25044,4
25045,5
25046,0
25047,8
25048,0
25049,8
25050,2
25051,9
25052,9
25053,6
25054,0
25055,4
25056,1
25057,5
25058,4
25059,5
25060,2
25061,5
25062,5
25063,0
25064,8
25065,1
25066,2
25067,7
25068,1
25069,2
25070,1
25071,4
25072,2
25073,5
25074,2
25075,7
25076,0
25077,6
25078,7
25079,1
25080,2
25081,3
25082,0
25083,6
25084,6
25085,6
25086,3
25087,6
25088,0
25089,1
25090,2
25091,6
25092,7
25093,1
25094,2
25095,3
25096,9
25097,8
25098,3
25099,4
25100,4
25101,3
25102,8
25103,1
25104,6
25105,3
25106,5
25107,4
25108,4
25109,3
25110,7
25111,1
25112,1
25113,2
25114,8
25115,9
25116,6
25117,6
25118,5
25119,3
25120,9
25121,1
25122,3
25123,5
25124,1
25125,8
25126,5
25127,7
25128,8
25129,0
25130,5
25131,7
25132,5
25133,5
25134,5
25135,8
25136,6
25137,3
25138,9
25139,7
25140,0
25141,7
25142,3
25143,7
25144,4
25145,3
25146,4
25147,6
25148,7
25149,5
25150,7
25151,1
25152,5
25153,9
25154,3
25155,0
25156,8
25157,2
25158,3
25159,4
25160,9
25161,7
25162,6
25163,9
25164,5
25165,8
25166,7
25167,9
25168,7
25169,8
25170,4
25171,0
25172,8
25173,9
25174,8
25175,0
25176,1
25177,9
25178,5
25179,8
25180,5
25181,6
25182,0
25183,8
25184,3
25185,2
25186,7
25187,6
25188,1
25189,4
25190,9
25191,7
25192,0
25193,8
25194,6
25195,5
25196,2
25197,9
25198,8
25199,7
25200,9
25201,9
25202,3
25203,8
25204,8
25205,4
25206,2
25207,9
25208,5
25209,7
25210,8
25211,5
25212,9
25213,4
25214,7
25215,0
25216,6
25217,3
25218,0
25219,1
25220,0
25221,8
25222,8
25223,5
25224,4
25225,3
25226,7
25227,7
25228,2
25229,0
25230,4
25231,2
25232,7
25233,6
25234,9
25235,6
25236,7
25237,6
25238,7
25239,6
25240,3
25241,0
25242,0
25243,6
25244,4
25245,6
25246,3
25247,8
25248,6
25249,0
25250,1
25251,1
25252,2
25253,7
25254,2
25255,3
25256,1
25257,1
25258,8
25259,7
25260,1
25261,7
25262,8
25263,6
25264,2
25265,9
25266,9
25267,4
25268,8
25269,0
25270,0
25271,2
25272,0
25273,6
25274,0
25275,7
25276,4
25277,2
25278,5
25279,2
25280,2
25281,7
25282,2
25283,5
25284,8
25285,6
25286,2
25287,5
25288,9
25289,9
25290,5
25291,6
25292,5
25293,2
25294,1
25295,8
25296,1
25297,4
25298,9
25299,6
25300,3
25301,7
25302,5
25303,2
25304,7
25305,4
25306,9
25307,6
25308,1
25309,7
25310,5
25311,2
25312,8
25313,4
25314,5
25315,8
25316,0
25317,4
25318,5
25319,3
25320,9
25321,8
25322,1
25323,4
25324,3
25325,8
25326,1
25327,3
25328,8
25329,3
25330,2
25331,3
25332,3
25333,5
25334,6
25335,1
25336,7
25337,4
25338,4
25339,5
25340,5
25341,7
25342,0
25343,7
25344,8
25345,3
25346,0
25347,3
25348,0
25349,9
25350,2
25351,4
25352,6
25353,1
25354,3
25355,8
25356,5
25357,9
25358,5
25359,0
25360,2
25361,3
25362,5
25363,0
25364,8
25365,1
25366,8
25367,3
25368,8
25369,9
25370,2
25371,2
25372,4
25373,3
25374,5
25375,9
25376,0
25377,0
25378,2
25379,7
25380,0
25381,2
25382,7
25383,5
25384,8
25385,9
25386,2
25387,1
25388,1
25389,7
25390,6
25391,5
25392,1
25393,5
25394,6
25395,7
25396,4
25397,0
25398,0
25399,8
25400,1
25401,6
25402,2
25403,7
25404,1
25405,5
25406,6
25407,1
25408,0
25409,1
25410,8
25411,8
25412,9
25413,5
25414,3
25415,3
25416,6
25417,2
25418,2
25419,5
25420,9
25421,6
25422,7
25423,0
25424,8
25425,3
25426,5
25427,4
25428,7
25429,2
25430,2
25431,2
25432,4
25433,1
25434,5
25435,6
25436,7
25437,1
25438,7
25439,4
25440,7
25441,9
25442,4
25443,8
25444,2
25445,3
25446,8
25447,3
25448,0
25449,4
25450,0
25451,4
25452,5
25453,5
25454,5
25455,7
25456,6
25457,7
25458,4
25459,3
25460,4
25461,0
25462,2
25463,2
25464,7
25465,3
25466,0
25467,5
25468,1
25469,1
25470,6
25471,8
25472,9
25473,7
25474,4
25475,6
25476,5
25477,4
25478,5
25479,3
25480,0
25481,5
25482,6
25483,3
25484,7
25485,8
25486,4
25487,1
25488,2
25489,4
25490,9
25491,9
25492,7
25493,6
25494,5
25495,8
25496,0
25497,3
25498,4
25499,7
25500,5
25501,9
25502,0
25503,5
25504,9
25505,8
25506,0
25507,2
25508,5
25509,9
25510,8
25511,5
25512,9
25513,4
25514,8
25515,9
25516,3
25517,3
25518,0
25519,6
25520,0
25521,0
25522,0
25523,3
25524,1
25525,2
25526,9
25527,9
25528,1
25529,4
25530,5
25531,1
25532,1
25533,9
25534,5
25535,8
25536,7
25537,2
25538,5
25539,6
25540,3
25541,6
25542,6
25543,8
25544,8
25545,6
25546,1
25547,3
25548,4
25549,7
25550,9
25551,2
25552,7
25553,2
25554,2
25555,5
25556,2
25557,8
25558,1
25559,0
25560,0
25561,1
25562,7
25563,2
25564,3
25565,7
25566,9
25567,4
25568,4
25569,0
25570,9
25571,0
25572,7
25573,5
25574,3
25575,4
25576,1
25577,9
25578,5
25579,6
25580,6
25581,5
25582,7
25583,9
25584,8
25585,8
25586,1
25587,0
25588,4
25589,2
25590,3
25591,6
25592,5
25593,4
25594,1
25595,8
25596,5
25597,7
25598,0
25599,6
25600,9
25601,7
25602,1
25603,8
25604,5
25605,1
25606,4
25607,8
25608,0
25609,1
25610,7
25611,6
25612,2
25613,6
25614,9
25615,3
25616,5
25617,3
25618,2
25619,6
25620,5
25621,2
25622,2
25623,7
25624,4
25625,3
25626,0
25627,4
25628,4
25629,5
25630,1
25631,8
25632,7
25633,9
25634,0
25635,7
25636,3
25637,7
25638,1
25639,7
25640,9
25641,2
25642,9
25643,8
25644,3
25645,4
25646,4
25647,1
25648,3
25649,4
25650,1
25651,6
25652,9
25653,0
25654,9
25655,5
25656,1
25657,5
25658,2
25659,8
25660,5
25661,5
25662,1
25663,5
25664,4
25665,3
25666,7
25667,9
25668,6
25669,8
25670,0
25671,0
25672,1
25673,3
25674,1
25675,3
25676,9
25677,8
25678,2
25679,0
25680,6
25681,1
25682,9
25683,8
25684,7
25685,0
25686,0
25687,1
25688,5
25689,1
25690,7
25691,0
25692,0
25693,6
25694,0
25695,1
25696,7
25697,7
25698,2
25699,6
25700,5
25701,2
25702,1
25703,5
25704,8
25705,7
25706,0
25707,2
25708,5
25709,7
25710,5
25711,3
25712,7
25713,9
25714,6
25715,5
25716,1
25717,0
25718,4
25719,4
25720,6
25721,4
25722,8
25723,6
25724,6
25725,7
25726,3
25727,0
25728,9
25729,5
25730,8
25731,0
25732,9
25733,0
25734,0
25735,0
25736,7
25737,6
25738,0
25739,1
25740,0
25741,2
25742,3
25743,3
25744,9
25745,4
25746,9
25747,8
25748,5
25749,3
25750,7
25751,2
25752,6
25753,3
25754,7
25755,9
25756,4
25757,0
25758,7
25759,0
25760,5
25761,2
25762,1
25763,2
25764,3
25765,4
25766,5
25767,4
25768,9
25769,6
25770,3
25771,2
25772,5
25773,2
25774,0
25775,3
25776,2
25777,8
25778,9
25779,5
25780,8
25781,7
25782,8
25783,5
25784,3
25785,6
25786,1
25787,5
25788,8
25789,9
25790,6
25791,7
25792,7
25793,7
25794,9
25795,0
25796,3
25797,2
25798,7
25799,8
25800,5
25801,8
25802,0
25803,9
25804,2
25805,1
25806,7
25807,3
25808,3
25809,7
25810,2
25811,6
25812,6
25813,7
25814,2
25815,5
25816,1
25817,2
25818,6
25819,0
25820,1
25821,9
25822,1
25823,2
25824,3
25825,9
25826,0
25827,3
25828,7
25829,7
25830,6
25831,7
25832,8
25833,7
25834,3
25835,8
25836,0
25837,1
25838,5
25839,9
25840,9
25841,5
25842,5
25843,0
25844,9
25845,5
25846,3
25847,0
25848,1
25849,4
25850,7
25851,6
25852,1
25853,2
25854,6
25855,8
25856,6
25857,1
25858,8
25859,5
25860,5
25861,4
25862,1
25863,2
25864,9
25865,0
25866,3
25867,9
25868,1
25869,6
25870,1
25871,4
25872,4
25873,4
25874,2
25875,2
25876,7
25877,5
25878,6
25879,9
25880,7
25881,9
25882,9
25883,7
25884,3
25885,7
25886,3
25887,5
25888,5
25889,5
25890,8
25891,5
25892,2
25893,4
25894,4
25895,7
25896,4
25897,4
25898,8
25899,6
25900,5
25901,6
25902,0
25903,6
25904,7
25905,6
25906,3
25907,7
25908,9
25909,3
25910,2
25911,8
25912,3
25913,0
25914,6
25915,7
25916,6
25917,7
25918,8
25919,6
25920,8
25921,1
25922,8
25923,3
25924,4
25925,7
25926,6
25927,4
25928,6
25929,4
25930,8
25931,8
25932,5
25933,1
25934,5
25935,7
25936,2
25937,8
25938,4
25939,4
25940,9
25941,0
25942,5
25943,6
25944,4
25945,7
25946,9
25947,1
25948,0
25949,7
25950,4
25951,9
25952,3
25953,5
25954,1
25955,0
25956,3
25957,7
25958,1
25959,1
25960,9
25961,7
25962,6
25963,8
25964,6
25965,2
25966,4
25967,7
25968,2
25969,6
25970,4
25971,9
25972,3
25973,9
25974,2
25975,3
25976,4
25977,1
25978,0
25979,9
25980,0
25981,1
25982,0
25983,4
25984,1
25985,4
25986,3
25987,3
25988,4
25989,9
25990,7
25991,9
25992,4
25993,0
25994,3
25995,4
25996,4
25997,7
25998,1
25999,2
26000,7
26001,3
26002,2
26003,5
26004,7
26005,9
26006,1
26007,3
26008,2
26009,8
26010,4
26011,9
26012,2
26013,7
26014,7
26015,7
26016,4
26017,3
26018,3
26019,4
26020,1
26021,2
26022,1
26023,5
26024,5
26025,7
26026,7
26027,8
26028,1
26029,8
26030,7
26031,3
26032,0
26033,5
26034,9
26035,4
26036,6
26037,7
26038,9
26039,1
26040,9
26041,6
26042,8
26043,6
26044,6
26045,2
26046,2
26047,6
26048,3
26049,3
26050,5
26051,9
26052,3
26053,3
26054,6
26055,0
26056,5
26057,8
26058,0
26059,4
26060,4
26061,1
26062,9
26063,8
26064,9
26065,4
26066,8
26067,0
26068,0
26069,1
26070,7
26071,5
26072,7
26073,7
26074,4
26075,5
26076,6
26077,1
26078,5
26079,2
26080,0
26081,7
26082,1
26083,8
26084,8
26085,3
26086,0
26087,8
26088,2
26089,1
26090,9
26091,1
26092,6
26093,9
26094,0
26095,9
26096,4
26097,0
26098,1
26099,3
26100,3
26101,5
26102,1
26103,1
26104,8
26105,3
26106,5
26107,7
26108,6
26109,8
26110,1
26111,9
26112,2
26113,5
26114,4
26115,7
26116,1
26117,8
26118,9
26119,4
26120,0
26121,6
26122,3
26123,7
26124,1
26125,4
26126,4
26127,7
26128,6
26129,8
26130,8
26131,8
26132,5
26133,9
26134,6
26135,8
26136,4
26137,9
26138,6
26139,5
26140,2
26141,0
26142,1
26143,9
26144,4
26145,3
26146,4
26147,8
26148,5
26149,4
26150,3
26151,7
26152,0
26153,8
26154,8
26155,1
26156,6
26157,1
26158,6
26159,9
26160,4
26161,2
26162,9
26163,4
26164,7
26165,3
26166,6
26167,1
26168,6
26169,4
26170,7
26171,3
26172,6
26173,7
26174,7
26175,2
26176,6
26177,2
26178,0
26179,1
26180,7
26181,2
26182,8
26183,8
26184,9
26185,3
26186,7
26187,9
26188,2
26189,7
26190,1
26191,2
26192,8
26193,0
26194,5
26195,9
26196,5
26197,6
26198,0
26199,7
26200,9
26201,5
26202,8
26203,4
26204,4
26205,9
26206,5
26207,5
26208,3
26209,8
26210,1
26211,5
26212,0
26213,0
26214,4
26215,7
26216,8
26217,0
26218,5
26219,6
26220,5
26221,2
26222,5
26223,4
26224,0
26225,0
26226,2
26227,2
26228,1
26229,8
26230,9
26231,6
26232,3
26233,4
26234,5
26235,7
26236,6
26237,4
26238,9
26239,7
26240,6
26241,9
26242,2
26243,5
26244,5
26245,8
26246,5
26247,0
26248,1
26249,6
26250,8
26251,1
26252,8
26253,5
26254,8
26255,8
26256,1
26257,4
26258,4
26259,5
26260,8
26261,6
26262,5
26263,1
26264,2
26265,5
26266,1
26267,4
26268,2
26269,5
26270,3
26271,6
26272,6
26273,7
26274,1
26275,3
26276,2
26277,1
26278,0
26279,3
26280,5
26281,4
26282,7
26283,1
26284,8
26285,6
26286,2
26287,0
26288,2
26289,3
26290,4
26291,1
26292,2
26293,9
26294,2
26295,2
26296,5
26297,5
26298,0
26299,1
26300,3
26301,7
26302,4
26303,8
26304,7
26305,5
26306,3
26307,3
26308,1
26309,4
26310,0
26311,1
26312,6
26313,0
26314,7
26315,0
26316,0
26317,5
26318,7
26319,2
26320,0
26321,6
26322,4
26323,7
26324,8
26325,1
26326,1
26327,9
26328,8
26329,4
26330,1
26331,2
26332,6
26333,2
26334,2
26335,9
26336,7
26337,7
26338,4
26339,8
26340,3
26341,3
26342,0
26343,4
26344,2
26345,6
26346,6
26347,2
26348,6
26349,3
26350,8
26351,9
26352,3
26353,2
26354,8
26355,1
26356,9
26357,1
26358,7
26359,1
26360,6
26361,7
26362,1
26363,3
26364,9
26365,4
26366,5
26367,2
26368,1
26369,3
26370,6
26371,0
26372,5
26373,1
26374,8
26375,5
26376,4
26377,4
26378,3
26379,4
26380,3
26381,5
26382,9
26383,7
26384,7
26385,9
26386,8
26387,1
26388,9
26389,2
26390,2
26391,6
26392,2
26393,2
26394,0
26395,5
26396,7
26397,9
26398,4
26399,1
26400,4
26401,6
26402,9
26403,0
26404,5
26405,1
26406,2
26407,5
26408,7
26409,1
26410,0
26411,2
26412,0
26413,7
26414,3
26415,9
26416,1
26417,1
26418,0
26419,8
26420,9
26421,8
26422,6
26423,7
26424,4
26425,5
26426,2
26427,7
26428,5
26429,0
26430,6
26431,3
26432,6
26433,9
26434,2
26435,2
26436,7
26437,0
26438,5
26439,7
26440,7
26441,1
26442,8
26443,6
26444,9
26445,0
26446,3
26447,2
26448,8
26449,4
26450,6
26451,9
26452,7
26453,7
26454,7
26455,3
26456,0
26457,0
26458,7
26459,6
26460,4
26461,1
26462,7
26463,8
26464,6
26465,2
26466,1
26467,1
26468,0
26469,3
26470,2
26471,4
26472,8
26473,9
26474,8
26475,7
26476,3
26477,4
26478,1
26479,0
26480,5
26481,8
26482,3
26483,7
26484,3
26485,6
26486,4
26487,3
26488,6
26489,0
26490,4
26491,3
26492,4
26493,0
26494,3
26495,4
26496,3
26497,6
26498,6
26499,1
26500,4
26501,1
26502,4
26503,6
26504,6
26505,1
26506,0
26507,5
26508,4
26509,3
26510,5
26511,1
26512,7
26513,9
26514,4
26515,7
26516,6
26517,8
26518,6
26519,4
26520,6
26521,5
26522,0
26523,5
26524,9
26525,5
26526,8
26527,6
26528,7
26529,2
26530,8
26531,0
26532,7
26533,0
26534,1
26535,9
26536,8
26537,4
26538,2
26539,8
26540,5
26541,7
26542,2
26543,8
26544,4
26545,8
26546,6
26547,2
26548,8
26549,2
26550,9
26551,0
26552,1
26553,1
26554,5
26555,2
26556,5
26557,9
26558,3
26559,3
26560,5
26561,5
26562,8
26563,3
26564,3
26565,7
26566,9
26567,2
26568,9
26569,5
26570,4
26571,3
26572,6
26573,6
26574,0
26575,2
26576,5
26577,3
26578,7
26579,2
26580,3
26581,8
26582,7
26583,6
26584,9
26585,7
26586,3
26587,7
26588,5
26589,8
26590,5
26591,2
26592,3
26593,0
26594,9
26595,2
26596,5
26597,1
26598,7
26599,8
26600,1
26601,8
26602,9
26603,9
26604,9
26605,9
26606,0
26607,2
26608,5
26609,6
26610,0
26611,0
26612,0
26613,5
26614,8
26615,3
26616,4
26617,4
26618,1
26619,8
26620,4
26621,8
26622,9
26623,4
26624,7
26625,2
26626,5
26627,4
26628,1
26629,7
26630,6
26631,6
26632,9
26633,4
26634,9
26635,7
26636,5
26637,2
26638,4
26639,3
26640,9
26641,9
26642,9
26643,7
26644,4
26645,2
26646,8
26647,5
26648,0
26649,6
26650,0
26651,6
26652,4
26653,4
26654,0
26655,4
26656,3
26657,0
26658,7
26659,9
26660,9
26661,5
26662,1
26663,7
26664,1
26665,6
26666,1
26667,1
26668,0
26669,6
26670,4
26671,7
26672,0
26673,7
26674,0
26675,4
26676,6
26677,2
26678,0
26679,0
26680,8
26681,1
26682,3
26683,6
26684,4
26685,9
26686,8
26687,7
26688,7
26689,1
26690,2
26691,0
26692,7
26693,2
26694,7
26695,6
26696,6
26697,6
26698,6
26699,0
26700,9
26701,2
26702,4
26703,3
26704,0
26705,2
26706,6
26707,3
26708,7
26709,5
26710,1
26711,8
26712,0
26713,5
26714,2
26715,7
26716,9
26717,6
26718,7
26719,0
26720,6
26721,7
26722,9
26723,3
26724,8
26725,6
26726,0
26727,9
26728,6
26729,8
26730,2
26731,6
26732,3
26733,6
26734,3
26735,6
26736,0
26737,9
26738,9
26739,0
26740,7
26741,2
26742,1
26743,1
26744,5
26745,5
26746,5
26747,8
26748,0
26749,3
26750,8
26751,2
26752,4
26753,7
26754,7
26755,9
26756,0
26757,0
26758,5
26759,6
26760,1
26761,0
26762,2
26763,8
26764,1
26765,3
26766,5
26767,4
26768,6
26769,2
26770,3
26771,7
26772,7
26773,9
26774,6
26775,8
26776,1
26777,9
26778,4
26779,5
26780,0
26781,8
26782,7
26783,3
26784,1
26785,5
26786,3
26787,7
26788,0
26789,0
26790,5
26791,4
26792,5
26793,2
26794,3
26795,1
26796,3
26797,6
26798,8
26799,6
26800,9
26801,4
26802,6
26803,4
26804,2
26805,3
26806,5
26807,0
26808,6
26809,9
26810,5
26811,2
26812,4
26813,7
26814,1
26815,1
26816,4
26817,0
26818,7
26819,3
26820,9
26821,1
26822,0
26823,5
26824,0
26825,2
26826,8
26827,6
26828,7
26829,7
26830,2
26831,4
26832,5
26833,3
26834,1
26835,6
26836,5
26837,5
26838,5
26839,0
26840,6
26841,5
26842,8
26843,5
26844,6
26845,7
26846,0
26847,1
26848,3
26849,0
26850,2
26851,0
26852,4
26853,2
26854,5
26855,7
26856,4
26857,2
26858,5
26859,5
26860,7
26861,1
26862,4
26863,9
26864,9
26865,9
26866,5
26867,4
26868,9
26869,8
26870,0
26871,7
26872,4
26873,5
26874,2
26875,7
26876,8
26877,3
26878,3
26879,2
26880,6
26881,6
26882,9
26883,7
26884,6
26885,9
26886,4
26887,2
26888,7
26889,5
26890,5
26891,0
26892,1
26893,1
26894,6
26895,1
26896,2
26897,5
26898,0
26899,2
26900,2
26901,1
26902,9
26903,9
26904,7
26905,4
26906,6
26907,0
26908,6
26909,2
26910,3
26911,8
26912,4
26913,2
26914,1
26915,0
26916,8
26917,0
26918,9
26919,2
26920,2
26921,4
26922,7
26923,3
26924,4
26925,9
26926,1
26927,9
26928,0
26929,5
26930,2
26931,6
26932,0
26933,6
26934,8
26935,6
26936,1
26937,8
26938,3
26939,9
26940,0
26941,6
26942,2
26943,6
26944,2
26945,1
26946,8
26947,9
26948,9
26949,0
26950,0
26951,5
26952,2
26953,1
26954,4
26955,7
26956,6
26957,2
26958,6
26959,5
26960,5
26961,2
26962,3
26963,7
26964,1
26965,2
26966,3
26967,3
26968,8
26969,2
26970,5
26971,6
26972,3
26973,8
26974,2
26975,8
26976,0
26977,8
26978,2
26979,8
26980,1
26981,8
26982,9
26983,1
26984,0
26985,4
26986,6
26987,0
26988,9
26989,6
26990,8
26991,7
26992,6
26993,2
26994,1
26995,8
26996,0
26997,2
26998,6
26999,9
27000,4
27001,8
27002,3
27003,7
27004,9
27005,0
27006,0
27007,7
27008,2
27009,5
27010,4
27011,3
27012,5
27013,1
27014,7
27015,1
27016,4
27017,4
27018,8
27019,4
27020,1
27021,1
27022,0
27023,1
27024,1
27025,9
27026,1
27027,8
27028,4
27029,7
27030,4
27031,9
27032,1
27033,6
27034,8
27035,1
27036,6
27037,7
27038,9
27039,6
27040,5
27041,5
27042,9
27043,1
27044,4
27045,6
27046,5
27047,7
27048,9
27049,6
27050,6
27051,3
27052,0
27053,2
27054,1
27055,8
27056,3
27057,6
27058,4
27059,2
27060,3
27061,7
27062,8
27063,1
27064,1
27065,8
27066,2
27067,0
27068,1
27069,0
27070,3
27071,3
27072,6
27073,8
27074,9
27075,6
27076,5
27077,0
27078,3
27079,6
27080,5
27081,1
27082,3
27083,6
27084,8
27085,6
27086,8
27087,1
27088,3
27089,7
27090,2
27091,3
27092,2
27093,2
27094,4
27095,7
27096,8
27097,7
27098,2
27099,6
27100,0
27101,3
27102,5
27103,0
27104,0
27105,6
27106,5
27107,3
27108,8
27109,4
27110,2
27111,7
27112,0
27113,6
27114,8
27115,9
27116,3
27117,6
27118,0
27119,4
27120,6
27121,5
27122,6
27123,6
27124,4
27125,0
27126,9
27127,4
27128,6
27129,7
27130,7
27131,6
27132,5
27133,0
27134,5
27135,8
27136,6
27137,4
27138,5
27139,2
27140,8
27141,7
27142,6
27143,5
27144,9
27145,0
27146,6
27147,3
27148,4
27149,7
27150,3
27151,7
27152,2
27153,5
27154,6
27155,7
27156,2
27157,1
27158,8
27159,3
27160,6
27161,9
27162,4
27163,7
27164,9
27165,0
27166,1
27167,6
27168,5
27169,5
27170,6
27171,3
27172,7
27173,2
27174,4
27175,8
27176,6
27177,2
27178,5
27179,2
27180,8
27181,3
27182,8
27183,0
27184,9
27185,7
27186,9
27187,3
27188,8
27189,4
27190,7
27191,1
27192,8
27193,1
27194,1
27195,5
27196,5
27197,7
27198,4
27199,1
27200,2
27201,8
27202,6
27203,1
27204,5
27205,5
27206,9
27207,1
27208,4
27209,5
27210,9
27211,8
27212,0
27213,3
27214,3
27215,2
27216,9
27217,7
27218,4
27219,3
27220,5
27221,3
27222,6
27223,8
27224,7
27225,9
27226,5
27227,8
27228,7
27229,0
27230,0
27231,9
27232,2
27233,6
27234,8
27235,8
27236,1
27237,8
27238,7
27239,8
27240,3
27241,3
27242,9
27243,4
27244,6
27245,0
27246,6
27247,8
27248,2
27249,3
27250,6
27251,0
27252,7
27253,5
27254,9
27255,4
27256,5
27257,0
27258,9
27259,6
27260,3
27261,0
27262,5
27263,0
27264,6
27265,2
27266,0
27267,4
27268,5
27269,3
27270,3
27271,0
27272,3
27273,6
27274,4
27275,9
27276,0
27277,0
27278,4
27279,7
27280,2
27281,1
27282,3
27283,6
27284,4
27285,0
27286,6
27287,8
27288,6
27289,2
27290,7
27291,1
27292,2
27293,2
27294,6
27295,4
27296,4
27297,3
27298,3
27299,2
27300,6
27301,6
27302,3
27303,4
27304,7
27305,4
27306,5
27307,4
27308,3
27309,9
27310,1
27311,3
27312,9
27313,7
27314,1
27315,3
27316,8
27317,5
27318,4
27319,2
27320,1
27321,4
27322,1
27323,3
27324,8
27325,2
27326,3
27327,6
27328,7
27329,7
27330,1
27331,3
27332,7
27333,6
27334,5
27335,5
27336,8
27337,4
27338,4
27339,2
27340,6
27341,8
27342,9
27343,6
27344,3
27345,9
27346,0
27347,2
27348,9
27349,8
27350,8
27351,6
27352,3
27353,4
27354,8
27355,0
27356,5
27357,4
27358,1
27359,4
27360,4
27361,0
27362,9
27363,4
27364,1
27365,8
27366,8
27367,4
27368,8
27369,2
27370,5
27371,0
27372,6
27373,1
27374,0
27375,9
27376,7
27377,0
27378,2
27379,9
27380,9
27381,2
27382,9
27383,7
27384,3
27385,7
27386,5
27387,1
27388,5
27389,5
27390,1
27391,7
27392,2
27393,5
27394,9
27395,2
27396,7
27397,4
27398,8
27399,8
27400,4
27401,4
27402,2
27403,8
27404,1
27405,5
27406,2
27407,5
27408,0
27409,5
27410,6
27411,7
27412,4
27413,2
27414,8
27415,0
27416,2
27417,9
27418,7
27419,1
27420,2
27421,7
27422,3
27423,7
27424,7
27425,7
27426,4
27427,6
27428,1
27429,2
27430,6
27431,4
27432,1
27433,5
27434,7
27435,5
27436,7
27437,5
27438,6
27439,8
27440,9
27441,3
27442,4
27443,2
27444,1
27445,5
27446,0
27447,9
27448,0
27449,9
27450,1
27451,5
27452,4
27453,9
27454,7
27455,0
27456,8
27457,5
27458,5
27459,1
27460,9
27461,2
27462,4
27463,8
27464,4
27465,1
27466,2
27467,6
27468,6
27469,5
27470,0
27471,3
27472,9
27473,3
27474,9
27475,6
27476,4
27477,3
27478,1
27479,9
27480,5
27481,7
27482,0
27483,3
27484,7
27485,1
27486,5
27487,7
27488,2
27489,0
27490,7
27491,2
27492,6
27493,8
27494,6
27495,8
27496,7
27497,0
27498,6
27499,5
27500,8
27501,0
27502,0
27503,5
27504,6
27505,1
27506,0
27507,8
27508,9
27509,3
27510,7
27511,9
27512,3
27513,6
27514,6
27515,0
27516,6
27517,1
27518,8
27519,1
27520,8
27521,8
27522,2
27523,6
27524,7
27525,4
27526,7
27527,0
27528,7
27529,8
27530,1
27531,2
27532,1
27533,3
27534,1
27535,7
27536,0
27537,2
27538,0
27539,1
27540,8
27541,3
27542,7
27543,8
27544,0
27545,2
27546,2
27547,0
27548,2
27549,5
27550,8
27551,6
27552,2
27553,5
27554,5
27555,9
27556,3
27557,5
27558,9
27559,5
27560,9
27561,7
27562,3
27563,3
27564,3
27565,9
27566,4
27567,9
27568,4
27569,2
27570,5
27571,1
27572,5
27573,7
27574,6
27575,6
27576,6
27577,3
27578,5
27579,5
27580,4
27581,6
27582,5
27583,4
27584,9
27585,5
27586,0
27587,3
27588,7
27589,1
27590,9
27591,4
27592,4
27593,2
27594,5
27595,9
27596,5
27597,2
27598,3
27599,7
27600,5
27601,8
27602,0
27603,1
27604,4
27605,0
27606,8
27607,2
27608,4
27609,2
27610,8
27611,3
27612,9
27613,1
27614,3
27615,0
27616,5
27617,1
27618,4
27619,2
27620,6
27621,0
27622,8
27623,5
27624,8
27625,2
27626,3
27627,4
27628,4
27629,1
27630,7
27631,9
27632,4
27633,9
27634,6
27635,9
27636,4
27637,1
27638,8
27639,4
27640,2
27641,9
27642,0
27643,4
27644,9
27645,3
27646,4
27647,9
27648,1
27649,1
27650,4
27651,2
27652,1
27653,2
27654,0
27655,1
27656,1
27657,0
27658,9
27659,9
27660,7
27661,3
27662,0
27663,5
27664,5
27665,9
27666,3
27667,0
27668,0
27669,6
27670,9
27671,4
27672,3
27673,4
27674,6
27675,6
27676,5
27677,4
27678,8
27679,2
27680,2
27681,6
27682,0
27683,1
27684,1
27685,6
27686,5
27687,3
27688,2
27689,2
27690,8
27691,1
27692,9
27693,4
27694,4
27695,3
27696,2
27697,7
27698,7
27699,8
27700,5
27701,0
27702,6
27703,3
27704,1
27705,3
27706,7
27707,9
27708,1
27709,5
27710,2
27711,4
27712,9
27713,0
27714,2
27715,5
27716,0
27717,3
27718,5
27719,1
27720,9
27721,6
27722,9
27723,6
27724,1
27725,7
27726,9
27727,0
27728,8
27729,6
27730,3
27731,4
27732,3
27733,3
27734,9
27735,7
27736,9
27737,7
27738,3
27739,6
27740,9
27741,1
27742,4
27743,9
27744,6
27745,7
27746,7
27747,9
27748,1
27749,1
27750,4
27751,5
27752,6
27753,4
27754,2
27755,6
27756,2
27757,1
27758,8
27759,4
27760,9
27761,8
27762,2
27763,3
27764,0
27765,2
27766,4
27767,7
27768,5
27769,0
27770,0
27771,4
27772,6
27773,3
27774,6
27775,4
27776,3
27777,5
27778,8
27779,2
27780,9
27781,0
27782,7
27783,3
27784,4
27785,3
27786,0
27787,4
27788,8
27789,2
27790,4
27791,2
27792,0
27793,4
27794,7
27795,8
27796,7
27797,8
27798,5
27799,5
27800,2
27801,7
27802,8
27803,6
27804,5
27805,7
27806,4
27807,3
27808,4
27809,9
27810,6
27811,3
27812,4
27813,9
27814,3
27815,7
27816,1
27817,4
27818,1
27819,4
27820,1
27821,8
27822,7
27823,1
27824,9
27825,1
27826,8
27827,4
27828,3
27829,1
27830,0
27831,9
27832,9
27833,8
27834,7
27835,4
27836,9
27837,2
27838,4
27839,0
27840,8
27841,3
27842,4
27843,6
27844,6
27845,8
27846,9
27847,6
27848,5
27849,8
27850,0
27851,2
27852,3
27853,9
27854,5
27855,5
27856,3
27857,4
27858,4
27859,2
27860,2
27861,3
27862,6
27863,5
27864,9
27865,7
27866,5
27867,3
27868,8
27869,2
27870,4
27871,7
27872,9
27873,5
27874,5
27875,7
27876,4
27877,6
27878,7
27879,3
27880,4
27881,8
27882,8
27883,7
27884,6
27885,9
27886,4
27887,1
27888,2
27889,7
27890,2
27891,5
27892,4
27893,2
27894,2
27895,1
27896,0
27897,7
27898,3
27899,2
27900,2
27901,2
27902,3
27903,6
27904,6
27905,7
27906,1
27907,8
27908,3
27909,6
27910,6
27911,1
27912,8
27913,6
27914,0
27915,5
27916,7
27917,2
27918,5
27919,6
27920,0
27921,6
27922,3
27923,0
27924,1
27925,5
27926,6
27927,1
27928,9
27929,9
27930,8
27931,9
27932,9
27933,5
27934,1
27935,3
27936,2
27937,9
27938,4
27939,3
27940,0
27941,8
27942,8
27943,8
27944,0
27945,1
27946,9
27947,7
27948,9
27949,1
27950,1
27951,7
27952,1
27953,8
27954,3
27955,8
27956,0
27957,5
27958,9
27959,5
27960,3
27961,2
27962,5
27963,5
27964,5
27965,0
27966,7
27967,4
27968,2
27969,6
27970,0
27971,8
27972,6
27973,4
27974,1
27975,9
27976,7
27977,9
27978,2
27979,8
27980,7
27981,0
27982,8
27983,2
27984,0
27985,7
27986,3
27987,2
27988,0
27989,9
27990,8
27991,5
27992,2
27993,9
27994,4
27995,1
27996,1
27997,7
27998,4
27999,7
28000,4
